0,0,0,0,0,0,0,0,0,0,0,0,0,0,0,0,0,0,0,0,0,0,0,0,0,0,0,0,0,0,0,0,0,0,0,0,0,0,0,0,0,0,0,0,0,0,0,0,0,0,0,0,0,0,0,0,0,0,0,0,0,0,0,0,0,0,0,0,0,0,0,0,0,0,0,0,0,0,0,0,0,0,0,0,0,0,0,0,0,0,0,0,0,0,0,0,0,0,0,0,0,0,0,0,0,0,0,0,0,0,0,0,0,0,0,0,0,0,0,0,0,0,0,0,0,0,0,0,0,0,0,0,0,0,0,0,0,0,0,0,0,0,0,0,0,0,0,0,0,0,0,0,0,0,0,0,0,0,0,0,0,0,0,0,0
0,4,14,0,0,26,0,0,0,0,0,0,2,0,0,3,36,0,0,0,0,0,0,0,13,8,0,1,0,0,0,23,0,0,0,0,0,6,9,0,0,0,0,0,0,0,2,0,8,0,2,1,0,0,3,9,0,0,0,0,0,0,0,0,11,14,0,0,0,2,1,32,0,21,4,0,25,0,0,0,7,48,13,0,0,0,0,0,0,5,0,6,0,0,0,0,0,0,0,1,0,0,0,0,0,0,0,0,0,0,0,0,0,0,0,0,0,0,0,0,0,0,0,0,0,1,0,0,0,0,0,0,0,0,0,0,0,0,0,0,0,0,0,0,0,0,39,0,0,0,0,1,14,2,0,0,0,0,0,1,0,0,0,0,0
0,14,37,0,0,8,0,0,0,0,0,18,0,0,0,0,0,0,0,69,8,35,1,0,0,3,0,0,0,0,0,0,0,0,0,0,0,9,0,0,0,0,0,57,14,45,0,0,0,2,0,13,3,0,2,0,0,0,37,8,1,23,56,0,0,0,43,0,0,0,0,0,0,15,2,0,0,0,0,0,0,0,0,0,0,0,0,0,0,0,0,0,0,0,0,5,0,0,0,0,0,0,0,0,0,0,0,0,0,0,0,0,5,0,0,0,0,0,2,0,31,0,0,0,0,0,0,0,0,0,0,0,0,0,1,0,0,0,0,0,0,1,0,0,0,0,0,0,2,0,0,3,0,40,0,1,0,0,0,0,1,0,0,0,0
0,0,0,72,0,0,0,0,1,0,0,0,0,0,0,0,12,0,0,0,0,0,0,0,0,0,6,19,23,19,12,0,0,0,0,0,3,1,1,0,0,1,0,0,0,0,29,12,0,0,0,0,0,0,0,0,0,0,0,0,0,0,0,0,0,0,0,0,3,0,0,0,0,0,0,0,0,0,246,0,0,0,0,0,0,0,0,0,0,0,0,0,0,0,0,0,0,0,0,0,0,0,14,2,9,32,0,0,0,0,0,0,0,0,0,0,0,0,0,0,0,15,170,0,0,0,0,0,0,0,0,0,0,0,0,0,0,0,0,0,0,0,0,38,0,2,0,0,0,0,0,56,82,1,8,0,0,0,0,0,0,0,0,0,0
0,0,0,0,85,0,0,0,0,0,0,0,7,2,4,0,20,23,7,0,0,0,0,0,0,0,99,0,65,4,0,0,0,0,3,0,6,0,0,1,0,15,0,0,0,0,33,0,0,3,158,0,0,0,0,1,0,0,0,0,0,0,0,1,0,0,0,0,45,0,0,0,0,0,0,4,0,0,0,0,0,0,0,0,0,0,0,0,0,0,0,0,0,0,0,0,0,0,0,0,0,0,0,0,1,0,0,0,0,0,0,0,0,0,0,0,0,0,0,0,0,0,0,0,0,0,0,0,0,0,0,0,0,0,0,0,0,0,0,0,0,0,0,0,1,0,0,0,0,0,0,0,0,11,0,0,0,0,0,0,0,0,0,0,0
0,26,8,0,0,23,12,3,0,0,4,0,0,0,0,1,63,0,0,0,0,0,0,3,14,0,0,0,0,0,1,8,0,0,0,0,0,0,3,0,0,0,0,0,0,1,0,6,15,0,3,0,0,0,3,12,0,0,0,0,0,0,0,3,4,0,0,2,0,0,0,6,0,0,0,0,31,0,0,0,144,72,6,0,0,0,0,0,0,8,2,136,0,0,0,0,0,0,0,19,0,0,0,0,0,0,0,0,0,0,0,0,0,0,12,0,0,0,0,0,0,0,2,1,0,10,0,0,0,2,1,0,0,0,0,0,0,0,0,0,9,0,0,0,0,0,20,0,0,0,0,5,24,6,0,1,0,0,0,0,2,0,0,0,0
0,0,0,0,0,12,124,125,8,4,50,0,0,0,0,0,53,0,0,0,0,0,0,0,49,0,0,0,0,0,79,23,71,0,0,0,0,0,0,0,0,0,0,0,0,17,0,84,20,0,0,0,0,0,0,0,0,0,0,0,0,0,0,1,69,29,30,121,0,0,0,72,4,0,0,0,5,0,0,0,16,120,0,0,0,0,0,0,0,0,8,232,0,0,0,0,0,0,0,0,0,0,0,0,0,0,0,0,0,0,0,0,0,0,0,0,0,0,0,0,0,0,0,0,0,2,0,0,0,1,5,0,0,0,0,0,0,0,0,7,1,0,0,0,0,0,12,0,0,0,0,2,64,2,0,0,0,22,38,0,0,0,0,0,0
0,0,0,0,0,3,125,40,7,12,12,0,0,0,0,0,18,0,0,0,0,3,0,0,0,0,0,5,0,0,75,0,0,0,0,0,0,0,0,0,0,0,0,0,1,0,0,56,0,0,0,0,0,0,0,6,0,0,0,0,0,0,3,0,8,0,18,5,0,0,0,0,17,0,0,0,0,0,0,0,2,1,157,0,0,0,0,0,0,0,2,238,0,0,0,0,0,0,0,0,0,0,0,0,0,0,0,0,0,0,0,0,0,0,0,0,0,0,0,0,0,0,0,0,0,1,0,0,0,3,13,0,2,0,0,0,0,0,0,0,0,0,0,0,0,0,1,0,0,0,0,50,103,23,0,0,0,0,4,2,4,0,0,0,0
0,0,0,1,0,0,8,7,75,35,13,0,1,0,0,0,15,0,0,0,0,0,0,0,0,0,0,2,0,0,22,0,0,0,0,0,0,0,0,0,0,0,0,0,0,1,0,108,0,0,0,0,0,0,0,1,0,0,0,0,0,0,0,0,0,0,3,40,0,0,0,0,9,0,0,0,0,0,4,0,0,0,0,61,0,0,0,0,0,0,0,72,0,0,0,0,0,0,0,0,0,0,0,0,0,0,0,0,0,0,0,0,0,0,0,0,0,0,0,0,0,0,0,0,0,0,0,0,0,0,0,0,0,0,0,0,0,0,0,0,0,0,4,0,0,0,0,0,0,0,0,0,0,0,0,0,0,0,0,0,0,0,0,0,0
0,0,0,0,0,0,4,12,35,79,15,0,0,0,0,0,13,0,0,0,0,0,0,0,0,0,0,0,0,0,38,0,0,1,2,0,0,0,1,0,0,0,0,0,0,8,0,6,0,0,0,0,0,0,0,4,0,0,0,0,0,0,0,0,3,0,22,13,0,0,0,1,64,0,0,5,0,0,0,0,2,0,0,0,0,0,0,0,0,0,0,0,0,0,0,0,0,0,0,0,0,0,0,0,0,0,0,0,0,0,0,0,0,0,0,0,0,0,0,0,0,0,0,0,0,0,0,0,0,0,0,0,0,0,0,0,0,0,0,0,0,2,2,0,0,0,0,0,0,0,0,0,0,0,3,0,0,0,0,0,0,0,0,0,0
0,0,0,0,0,4,50,12,13,15,4,0,0,0,0,0,19,0,0,0,0,0,0,0,6,0,0,0,0,0,9,0,7,1,2,0,4,0,2,0,0,0,0,0,0,19,0,0,12,2,0,0,0,0,0,0,0,0,0,0,0,0,0,0,21,3,3,45,0,0,0,16,1,0,0,0,8,0,0,0,35,5,0,0,0,0,0,0,0,0,0,6,0,0,0,0,0,0,0,0,0,0,0,0,0,0,0,0,0,0,0,0,0,0,0,0,0,0,0,0,0,0,0,0,0,0,0,0,0,0,0,0,0,0,0,0,0,0,0,0,0,0,0,0,0,0,3,0,0,0,0,0,2,0,0,0,0,0,0,0,0,0,0,0,0
0,0,18,0,0,0,0,0,0,0,0,37,0,0,0,0,0,0,0,5,27,0,1,0,0,0,0,0,0,0,0,0,0,0,0,1,0,0,1,0,0,0,0,5,0,232,0,0,0,0,0,0,0,0,0,0,0,0,0,2,0,0,0,0,0,0,25,0,0,0,0,0,0,0,0,0,0,1,0,0,0,0,0,0,0,0,21,0,0,0,0,0,0,0,0,61,0,0,0,0,0,0,0,0,0,0,0,0,0,0,0,0,7,0,0,0,0,0,0,0,1,0,0,0,0,0,1,0,0,0,0,0,0,0,3,0,0,1,0,0,0,89,0,0,0,0,0,0,0,0,0,1,0,1,0,0,0,0,0,0,2,0,0,0,0
0,2,0,0,7,0,0,0,1,0,0,0,44,17,53,0,356,0,3,0,0,0,0,0,0,2,74,3,0,0,0,0,0,0,1,0,3,5,2,9,8,1,0,0,0,0,0,0,0,0,19,1,0,14,1,83,0,1,0,0,0,0,0,0,0,0,0,0,3,3,0,0,0,0,3,0,0,0,0,0,0,0,0,0,0,0,0,0,0,0,0,8,0,0,0,0,0,0,0,0,0,0,1,0,0,3,0,0,0,0,0,0,0,0,0,0,0,0,0,0,0,0,0,0,0,0,0,0,0,0,0,0,2,0,0,0,0,0,0,0,0,0,0,0,1,0,0,0,0,0,0,2,34,0,0,0,0,0,0,0,0,0,0,0,0
0,0,0,0,2,0,0,0,0,0,0,0,17,4,15,0,2,0,0,0,0,0,0,0,20,0,1,0,1,0,0,0,0,0,1,0,0,6,0,22,6,2,0,0,0,0,0,0,1,0,43,0,0,3,4,1,0,0,0,0,0,0,0,2,0,1,0,0,0,0,0,0,0,0,2,0,0,0,0,0,0,0,0,0,0,0,0,0,0,0,0,0,0,0,0,0,0,0,0,0,0,0,0,0,0,0,0,0,0,0,0,0,0,0,0,0,0,0,0,0,0,0,0,0,0,0,0,0,0,0,0,0,0,0,0,0,0,0,0,0,0,0,0,0,0,0,0,0,0,0,0,2,0,9,0,0,0,0,0,0,0,0,0,0,0
0,0,0,0,4,0,0,0,0,0,0,0,53,15,25,19,15,0,12,0,0,0,0,0,2,0,2,1,2,0,0,0,0,0,3,6,9,51,3,0,14,2,0,0,0,0,0,0,0,1,23,0,0,38,44,15,0,0,0,0,0,0,0,4,0,0,0,0,4,2,1,0,0,3,12,3,0,0,0,0,0,0,0,0,0,0,0,0,0,0,0,15,0,0,0,0,0,0,0,0,0,0,0,0,0,0,0,0,0,0,0,0,0,0,0,0,0,0,0,0,0,0,0,0,0,0,0,0,0,0,1,0,0,0,0,0,0,0,0,0,0,0,0,0,0,0,0,0,0,0,0,16,1,33,0,0,0,0,0,0,0,0,0,0,0
0,3,0,0,0,1,0,0,0,0,0,0,0,0,19,192,39,0,1,0,0,0,0,0,2,24,6,10,12,8,0,0,0,0,7,0,0,33,61,0,0,0,0,0,0,0,5,2,18,1,5,1,0,83,32,54,0,1,0,0,1,0,0,6,0,0,0,0,12,39,9,0,0,102,46,0,6,0,0,0,26,4,0,0,0,0,0,15,1,86,39,102,0,0,0,0,0,0,0,2,0,0,1,0,2,0,0,0,0,0,0,0,0,0,42,48,0,0,0,0,0,0,0,0,0,15,0,0,8,5,99,0,0,0,0,0,0,0,0,0,0,0,0,0,19,0,1,0,0,0,0,13,79,2,0,0,0,0,2,3,4,0,0,0,0
0,36,0,12,20,63,53,18,15,13,19,0,356,2,15,39,291,0,2,3,0,7,0,25,1,9,0,65,0,31,42,7,0,0,0,0,0,3,6,0,33,0,0,0,7,14,1,33,11,0,157,9,0,24,28,205,0,0,0,1,0,6,23,5,6,0,24,18,27,100,19,6,7,5,7,0,6,0,90,1,40,53,13,70,0,0,0,16,2,64,124,1105,0,0,0,0,0,0,0,0,0,0,0,0,46,0,0,0,0,0,0,0,0,0,45,12,0,0,0,0,0,2,0,0,0,23,0,0,23,9,37,0,2,0,0,0,0,0,0,0,0,0,6,0,17,151,9,0,0,0,0,295,304,279,26,3,4,0,46,8,8,0,0,0,0
0,0,0,0,23,0,0,0,0,0,0,0,0,0,0,0,0,1,0,0,0,0,0,0,0,2,0,0,5,4,0,0,0,0,0,0,0,2,0,0,0,0,0,0,0,0,8,0,0,0,2,0,0,0,0,0,0,0,0,0,0,0,0,0,0,0,0,0,3,0,0,0,0,1,0,0,0,0,0,0,0,0,0,0,0,0,0,0,0,0,0,0,0,0,0,0,0,0,0,0,0,0,0,0,0,0,0,0,0,0,0,0,0,0,0,0,0,0,0,0,0,0,0,0,0,0,0,0,0,0,0,0,0,0,0,0,0,0,0,0,0,0,0,0,0,0,0,0,0,0,0,0,0,0,0,0,0,0,0,0,0,0,0,0,0
0,0,0,0,7,0,0,0,0,0,0,0,3,0,12,1,2,0,2,0,0,0,0,0,1,0,0,0,0,0,0,0,0,1,0,0,0,2,0,3,0,0,0,0,0,0,0,0,0,0,24,0,0,0,0,4,0,0,0,0,0,0,0,0,0,0,0,0,0,0,5,0,0,0,0,2,0,0,0,0,0,0,0,0,0,0,0,0,0,0,0,0,0,0,0,0,0,0,0,0,0,0,0,0,0,0,0,0,0,0,0,0,0,0,0,0,0,0,0,0,0,0,0,0,0,0,0,0,0,0,0,0,0,0,0,0,0,0,0,0,0,0,0,0,0,0,0,0,0,0,0,0,0,2,0,0,0,0,0,0,0,0,0,0,0
0,0,69,0,0,0,0,0,0,0,0,5,0,0,0,0,3,0,0,82,58,42,0,2,0,10,0,19,0,0,0,0,0,0,12,2,1,28,5,0,0,0,0,65,41,26,0,0,0,9,0,12,0,0,1,0,0,52,155,252,30,41,20,0,0,0,18,0,0,0,0,0,0,40,5,0,0,0,0,0,0,0,0,0,0,0,0,0,0,0,0,1,0,0,1,4,0,0,0,0,0,0,0,0,0,0,0,0,0,0,0,0,0,0,0,0,0,0,2,0,25,0,0,0,0,0,0,0,0,0,0,0,0,0,0,0,0,0,0,0,0,1,0,0,0,0,0,0,0,0,0,1,0,11,2,14,0,0,0,0,0,0,0,0,0
0,0,8,0,0,0,0,0,0,0,0,27,0,0,0,0,0,0,0,58,140,17,0,0,0,0,0,0,0,0,0,0,0,11,34,1,0,0,0,0,0,0,0,3,0,208,0,0,0,17,0,0,0,0,0,0,0,1,12,118,4,0,5,0,0,0,27,0,0,0,0,0,0,0,2,1,0,2,0,0,0,0,0,0,0,0,2,0,0,0,0,0,0,0,2,75,0,0,0,0,0,0,0,0,0,0,0,0,0,0,0,0,1,0,0,0,0,0,11,0,14,0,0,0,0,0,0,0,0,0,0,0,4,1,5,0,0,0,0,0,0,12,0,0,0,0,0,0,0,0,0,18,0,6,0,0,1,0,0,0,0,0,0,0,0
0,0,35,0,0,0,0,3,0,0,0,0,0,0,0,0,7,0,0,42,17,199,10,5,0,0,0,5,0,0,0,0,0,2,3,0,0,0,1,0,0,0,0,1,4,4,0,0,0,3,0,20,12,0,0,0,0,0,1,28,3,41,255,0,0,0,8,0,0,0,0,0,0,0,2,0,0,0,0,0,0,0,0,0,0,0,0,0,0,0,0,11,0,0,0,7,0,0,0,0,0,0,0,0,0,0,0,0,0,0,0,0,0,0,0,0,0,0,1,1,0,0,0,0,0,0,0,0,0,0,0,0,12,0,0,0,0,0,0,0,0,0,0,0,0,0,0,0,0,0,0,0,0,0,0,7,0,0,0,0,0,0,0,0,0
0,0,1,0,0,0,0,0,0,0,0,1,0,0,0,0,0,0,0,0,0,10,117,15,0,0,0,0,0,0,0,0,0,0,40,2,0,3,21,0,0,0,0,0,16,199,0,0,0,30,0,0,39,0,0,0,0,0,0,0,0,7,136,0,0,0,2,0,0,0,0,0,0,10,37,0,0,0,0,0,0,0,0,0,0,0,0,0,0,0,0,1,0,0,0,7,0,0,0,0,0,0,0,0,0,0,0,0,0,0,0,0,0,0,0,0,0,0,0,0,3,0,0,0,0,0,0,0,0,0,0,0,0,0,0,0,0,0,0,0,0,0,0,0,0,0,0,0,0,0,0,20,0,33,0,27,0,0,0,0,0,0,0,0,0
0,0,0,0,0,3,0,0,0,0,0,0,0,0,0,0,25,0,0,2,0,5,15,24,0,1,0,0,0,0,0,0,0,0,2,5,0,0,0,0,0,0,0,0,11,22,0,0,3,0,0,1,0,0,0,4,0,0,0,0,0,0,93,0,0,0,5,0,0,0,0,0,0,0,0,0,1,0,0,0,0,0,0,0,0,0,0,0,0,0,0,0,0,0,0,0,0,0,0,0,0,0,1,0,0,0,0,0,0,0,0,0,1,0,0,0,0,0,0,0,0,0,0,0,0,0,0,0,0,0,0,0,0,0,0,0,0,0,0,0,0,0,0,0,0,0,0,0,0,0,0,7,0,0,0,39,2,0,0,0,0,0,0,0,0
0,13,0,0,0,14,49,0,0,0,6,0,0,20,2,2,1,0,1,0,0,0,0,0,93,0,0,0,0,0,0,14,9,4,3,6,1,9,3,0,0,27,0,0,0,0,0,0,84,2,12,1,0,4,17,0,0,0,0,0,0,0,0,8,135,189,0,1,0,0,0,26,0,0,7,3,1,0,0,0,1,161,26,0,0,0,0,0,0,0,0,1,0,0,0,0,0,0,0,3,0,0,0,0,0,0,0,1,0,0,0,0,0,0,0,0,0,0,0,0,0,0,3,0,0,0,0,0,0,0,0,0,0,0,0,0,0,0,0,110,12,0,1,0,0,0,84,0,0,0,0,11,197,44,0,0,0,3,0,10,0,0,0,0,0
0,8,3,0,0,0,0,0,0,0,0,0,2,0,0,24,9,2,0,10,0,0,0,1,0,4,0,103,4,3,0,0,0,0,1,0,1,4,13,0,0,0,0,0,1,0,1,0,0,2,0,0,0,10,25,35,0,81,0,0,0,0,0,0,0,0,0,0,38,33,6,0,0,2,19,0,0,0,0,1,0,0,0,0,0,0,0,0,0,0,0,12,0,0,0,0,0,0,0,0,0,0,0,0,6,0,0,0,0,0,0,0,0,0,0,0,0,0,0,0,0,0,0,0,0,0,0,0,0,0,0,0,0,0,0,0,0,0,0,0,0,0,0,0,0,3,0,0,0,0,0,2,0,10,0,0,0,0,0,0,1,0,0,0,0
0,0,0,6,99,0,0,0,0,0,0,0,74,1,2,6,0,0,0,0,0,0,0,0,0,0,110,2,8,1,0,0,0,2,13,0,20,13,47,0,0,56,0,0,0,0,2,0,0,18,16,0,0,13,0,0,24,0,0,0,0,0,0,3,0,0,0,0,93,41,0,0,0,25,62,18,0,0,0,0,0,0,0,0,0,0,0,0,0,0,0,0,0,0,0,0,0,0,0,0,0,0,0,0,0,0,0,0,0,0,0,0,0,0,0,0,0,0,0,0,0,0,0,0,0,0,0,0,0,0,0,0,3,0,0,0,0,0,0,0,0,0,0,0,0,0,0,0,0,0,0,12,0,22,0,0,0,0,0,0,0,0,0,0,0
0,1,0,19,0,0,0,5,2,0,0,0,3,0,1,10,65,0,0,19,0,5,0,0,0,103,2,128,0,1,17,0,0,34,37,1,3,1,2,0,0,20,0,6,9,0,13,4,0,25,0,1,0,1,0,45,0,200,4,7,0,5,25,4,0,0,0,0,32,8,8,0,3,11,15,23,0,3,0,0,0,0,0,0,0,0,0,0,0,0,0,4,0,0,0,0,0,0,0,0,0,0,77,0,0,72,0,0,0,0,0,0,29,0,0,0,0,0,0,0,1,0,1,0,0,0,2,0,0,0,7,0,91,0,1,0,2,1,0,0,0,36,1,0,0,0,0,2,7,0,0,1,0,66,7,0,0,0,0,0,11,0,0,0,0
0,0,0,23,65,0,0,0,0,0,0,0,0,1,2,12,0,5,0,0,0,0,0,0,0,4,8,0,136,15,0,0,0,0,0,0,0,0,2,0,0,12,0,0,0,0,122,0,0,0,7,0,0,9,0,0,0,1,0,0,0,0,0,4,0,0,0,0,36,1,0,0,0,0,10,0,0,0,1,0,0,0,0,0,0,0,0,0,0,0,0,0,0,0,0,0,0,0,0,0,0,0,0,0,0,0,0,0,0,0,0,0,0,0,0,0,0,0,0,0,0,0,0,0,0,0,0,0,0,0,0,0,0,0,0,0,0,0,0,0,0,0,0,0,0,0,0,0,0,0,0,7,0,22,1,0,0,0,0,0,0,0,0,0,0
0,0,0,19,4,0,0,0,0,0,0,0,0,0,0,8,31,4,0,0,0,0,0,0,0,3,1,1,15,101,0,0,0,3,0,0,0,0,0,0,0,0,0,0,0,0,113,0,0,0,0,0,0,0,5,29,0,6,0,0,0,0,0,0,0,0,0,0,9,11,29,0,0,0,0,0,0,0,0,0,0,0,0,0,0,0,0,0,0,0,0,5,0,0,0,0,0,0,0,0,0,0,0,0,6,0,0,0,0,0,0,0,0,0,0,0,0,0,0,0,0,3,0,0,0,0,0,0,0,0,1,0,0,0,0,0,0,0,0,0,0,0,0,0,0,12,0,0,0,0,0,21,20,32,4,0,0,0,0,0,0,0,0,0,0
0,0,0,12,0,1,79,75,22,38,9,0,0,0,0,0,42,0,0,0,0,0,0,0,0,0,0,17,0,0,52,0,0,0,2,0,2,5,25,0,0,0,0,7,3,2,0,23,0,0,0,0,0,0,1,21,0,0,0,0,1,0,3,0,24,0,8,8,0,0,0,1,55,31,9,0,0,0,1,0,6,3,0,0,0,0,0,0,0,0,0,6,0,0,0,0,0,0,0,0,0,0,13,0,0,142,0,0,0,0,0,0,48,1,0,0,0,0,0,0,0,0,2,0,5,0,9,0,0,0,2,0,33,0,0,2,1,0,0,0,0,4,0,0,0,0,0,75,38,0,0,2,12,4,0,0,0,0,8,0,4,0,0,0,0
0,23,0,0,0,8,23,0,0,0,0,0,0,0,0,0,7,0,0,0,0,0,0,0,14,0,0,0,0,0,0,28,4,0,0,0,0,0,0,0,0,0,0,0,0,0,0,0,0,0,0,0,0,0,0,0,0,0,0,0,0,0,0,0,107,84,0,2,0,0,0,41,0,0,0,0,3,0,0,0,2,86,0,0,0,0,0,0,0,0,0,1,0,0,0,0,0,0,0,0,0,0,0,0,0,0,0,0,0,0,0,0,0,0,0,0,0,0,0,0,0,0,2,0,0,0,0,0,0,0,0,0,0,0,0,0,0,0,0,1,2,0,3,0,0,0,25,0,0,0,0,0,0,0,0,0,0,0,0,0,1,0,0,0,0
0,0,0,0,0,0,71,0,0,0,7,0,0,0,0,0,0,0,0,0,0,0,0,0,9,0,0,0,0,0,0,4,4,0,0,0,0,0,0,0,0,0,0,0,0,1,0,0,7,0,0,0,0,0,0,0,0,0,0,0,0,0,0,0,16,5,0,19,0,0,0,20,0,0,0,0,0,0,0,0,0,0,0,0,0,0,0,0,0,0,0,0,0,0,0,0,0,0,0,0,0,0,0,0,0,0,0,1,0,0,0,0,0,0,0,0,0,0,0,0,0,0,0,0,0,0,0,0,0,0,0,0,0,0,0,0,0,0,0,1,0,0,0,0,0,0,0,0,0,0,0,1,6,1,0,0,0,4,0,0,0,0,0,0,1
0,0,0,0,0,0,0,0,0,1,1,0,0,0,0,0,0,0,1,0,11,2,0,0,4,0,2,34,0,3,0,0,0,48,22,0,0,1,0,0,0,28,0,0,0,0,0,0,0,77,8,3,0,0,0,0,0,2,0,5,0,11,0,0,0,0,8,1,0,0,0,0,0,0,22,37,0,0,0,0,0,0,0,0,0,0,0,0,0,0,0,0,0,0,0,0,0,0,0,0,0,0,0,0,0,0,0,0,0,0,0,0,0,0,0,0,0,0,0,0,0,0,0,0,0,0,0,0,0,0,0,0,0,0,0,0,0,0,0,0,0,0,0,0,0,0,0,0,0,0,0,2,0,0,0,0,0,0,0,0,0,0,0,0,0
0,0,0,0,3,0,0,0,0,2,2,0,1,1,3,7,0,0,0,12,34,3,40,2,3,1,13,37,0,0,2,0,0,22,26,1,23,12,32,2,0,13,0,7,11,3,0,0,0,23,5,5,12,6,0,0,1,3,1,11,4,29,3,32,0,0,6,5,1,0,0,0,8,30,139,9,0,0,0,0,0,0,0,0,0,0,0,0,0,0,0,0,0,0,0,0,0,0,0,0,0,0,2,0,0,1,0,0,0,0,0,0,0,0,0,0,0,0,0,0,0,0,0,0,0,0,0,0,0,0,0,0,0,0,0,0,0,0,0,0,0,14,1,0,0,0,0,0,0,0,0,32,0,0,0,0,0,0,0,0,0,0,0,0,0
0,0,0,0,0,0,0,0,0,0,0,1,0,0,6,0,0,0,0,2,1,0,2,5,6,0,0,1,0,0,0,0,0,0,1,13,0,0,0,0,0,4,0,7,16,0,0,0,0,38,0,1,2,8,0,2,0,1,10,2,6,7,0,17,0,0,0,0,0,0,0,0,0,14,30,0,0,0,0,0,0,0,0,0,0,0,0,0,0,0,0,0,0,0,0,0,0,0,0,0,0,0,0,0,0,1,0,0,0,0,0,0,0,0,0,0,0,0,0,0,0,0,0,0,0,0,0,0,0,0,0,0,0,0,0,0,0,0,0,0,0,1,0,0,0,0,0,0,0,0,0,0,0,3,0,0,0,0,0,0,0,0,0,0,0
0,0,0,3,6,0,0,0,0,0,4,0,3,0,9,0,0,0,0,1,0,0,0,0,1,1,20,3,0,0,2,0,0,0,23,0,30,1,47,1,0,48,0,0,0,0,0,0,0,19,9,1,0,0,0,4,8,0,0,0,0,0,0,11,0,0,0,0,0,0,0,0,2,6,117,3,0,0,0,0,0,0,0,0,0,0,0,0,0,0,0,0,0,0,0,0,0,0,0,0,0,0,0,0,0,0,0,0,0,0,0,0,0,0,0,0,0,0,0,0,0,0,0,0,0,0,0,0,0,0,0,0,0,0,0,0,0,0,0,0,0,0,0,0,0,0,0,0,0,0,0,0,0,0,0,0,0,0,0,0,0,0,0,0,0
0,6,9,1,0,0,0,0,0,0,0,0,5,6,51,33,3,2,2,28,0,0,3,0,9,4,13,1,0,0,5,0,0,1,12,0,1,42,27,0,0,3,0,18,44,3,0,0,0,3,2,31,4,124,1,1,22,4,9,2,27,11,0,91,0,0,0,0,0,0,0,0,11,133,41,0,0,0,0,0,0,0,0,0,0,0,0,0,0,0,0,1,0,0,0,0,0,0,0,0,0,0,0,0,0,2,0,0,0,0,0,0,0,0,0,0,0,0,0,0,0,0,0,0,0,0,0,0,0,0,0,0,7,0,0,0,0,0,0,0,0,0,0,0,0,0,0,1,0,0,0,0,0,0,0,1,0,0,0,0,0,0,0,0,0
0,9,0,1,0,3,0,0,0,1,2,1,2,0,3,61,6,0,0,5,0,1,21,0,3,13,47,2,2,0,25,0,0,0,32,0,47,27,37,0,0,15,0,23,6,0,0,0,0,22,2,3,5,50,29,32,25,1,8,0,1,0,0,13,0,0,3,3,0,8,1,0,27,153,202,0,0,0,0,0,0,0,0,0,0,0,0,0,0,0,0,1,0,0,0,0,0,0,0,0,0,0,0,0,0,0,0,0,0,0,0,0,0,0,0,0,0,0,0,0,0,0,0,0,0,0,0,0,0,0,0,0,0,0,0,0,0,0,0,0,0,10,0,1,0,3,0,0,0,0,0,7,0,0,0,0,0,0,0,0,0,0,0,0,0
0,0,0,0,1,0,0,0,0,0,0,0,9,22,0,0,0,0,3,0,0,0,0,0,0,0,0,0,0,0,0,0,0,0,2,0,1,0,0,2,1,2,0,0,0,0,0,0,5,0,20,0,0,0,0,0,0,0,0,0,0,0,0,6,0,0,0,0,0,0,0,0,0,0,3,0,0,0,0,0,0,0,0,0,0,0,0,0,0,0,0,0,0,0,0,0,0,0,0,0,0,0,0,0,0,0,0,0,0,0,0,0,0,0,0,0,0,0,0,0,0,0,0,0,0,0,0,0,0,0,0,0,0,0,0,0,0,0,0,0,0,0,0,0,0,0,0,0,0,0,0,1,0,0,0,0,0,0,0,0,0,0,0,0,0
0,0,0,0,0,0,0,0,0,0,0,0,8,6,14,0,33,0,0,0,0,0,0,0,0,0,0,0,0,0,0,0,0,0,0,0,0,0,0,1,20,0,0,0,0,0,0,0,1,0,39,0,0,0,0,0,0,0,0,0,0,0,0,0,0,0,0,0,0,3,0,0,0,0,0,0,0,0,0,0,0,0,0,0,0,0,0,0,0,0,0,8,0,0,0,0,0,0,0,0,0,0,0,0,0,0,0,0,0,0,0,0,0,0,0,0,0,0,0,0,0,0,0,0,0,0,0,0,0,0,0,0,0,0,0,0,0,0,0,0,0,0,0,0,0,0,0,0,0,0,0,2,30,2,0,0,0,0,0,0,0,0,0,0,0
0,0,0,1,15,0,0,0,0,0,0,0,1,2,2,0,0,0,0,0,0,0,0,0,27,0,56,20,12,0,0,0,0,28,13,4,48,3,15,2,0,19,0,0,0,0,0,0,0,29,114,0,0,0,0,0,0,2,0,0,0,0,0,30,0,0,0,0,52,0,0,0,0,0,26,20,0,0,0,0,0,0,0,0,0,0,0,0,0,0,0,0,0,0,0,0,0,0,0,0,0,0,0,0,0,0,0,0,0,0,0,0,0,0,0,0,0,0,0,0,0,0,0,0,0,0,0,0,0,0,0,0,0,0,0,0,0,0,0,0,0,0,0,0,0,0,0,0,0,0,0,0,0,1,0,0,0,0,0,0,0,0,0,0,0
0,0,0,0,0,0,0,0,0,0,0,0,0,0,0,0,0,0,0,0,0,0,0,0,0,0,0,0,0,0,0,0,0,0,0,0,0,0,0,0,0,0,0,0,0,0,0,0,0,0,0,0,0,0,0,0,0,0,0,0,0,0,0,0,0,0,0,0,0,0,0,0,0,0,0,0,0,0,0,0,0,0,0,0,0,0,0,0,0,0,0,0,0,0,0,0,0,0,0,0,0,0,0,0,0,0,0,0,0,0,0,0,0,0,0,0,0,0,0,0,0,0,0,0,0,0,0,0,0,0,0,0,0,0,0,0,0,0,0,0,0,0,0,0,0,0,0,0,0,0,0,0,0,0,0,0,0,0,0,0,0,0,0,0,0
0,0,57,0,0,0,0,0,0,0,0,5,0,0,0,0,0,0,0,65,3,1,0,0,0,0,0,6,0,0,7,0,0,0,7,7,0,18,23,0,0,0,0,25,7,14,0,0,0,21,0,0,1,0,0,0,0,2,24,5,1,0,2,0,0,0,4,0,0,0,0,0,0,3,17,0,0,1,0,0,0,0,0,0,0,0,0,0,0,0,0,0,0,0,2,8,0,0,0,0,0,0,0,0,0,3,0,0,0,0,0,0,1,0,0,0,0,0,15,0,7,0,0,0,1,0,0,0,0,0,0,0,0,2,4,0,0,0,0,0,0,5,0,0,0,0,0,0,6,0,0,12,0,26,0,1,0,0,0,0,1,0,0,0,0
0,0,14,0,0,0,0,1,0,0,0,0,0,0,0,0,7,0,0,41,0,4,16,11,0,1,0,9,0,0,3,0,0,0,11,16,0,44,6,0,0,0,0,7,7,0,0,0,0,23,0,32,10,0,0,0,0,1,2,3,4,5,67,0,0,0,7,0,0,0,0,0,14,18,4,0,0,0,0,0,0,0,0,0,0,0,0,0,0,0,0,0,0,0,0,0,0,0,0,0,0,0,7,0,0,2,0,0,0,0,0,0,1,0,0,0,0,0,0,0,0,0,0,0,0,0,0,0,0,0,0,0,9,0,0,0,0,0,0,0,0,2,0,0,0,0,0,0,1,0,0,96,1,6,0,44,8,0,0,0,0,0,0,0,0
0,0,45,0,0,1,17,0,1,8,19,232,0,0,0,0,14,0,0,26,208,4,199,22,0,0,0,0,0,0,2,0,1,0,3,0,0,3,0,0,0,0,0,14,0,284,0,0,0,0,0,0,4,0,0,0,0,0,6,5,1,0,61,0,10,1,85,41,0,0,0,9,0,2,1,0,1,1,0,0,15,6,0,0,0,0,29,0,0,0,0,5,0,0,0,90,0,1,0,0,0,0,0,0,0,0,0,0,0,0,0,0,1,0,0,0,0,0,11,0,156,0,0,0,0,0,0,0,0,0,0,0,0,6,5,0,0,0,0,0,0,49,0,0,0,0,2,0,0,0,0,14,0,5,0,28,0,0,0,0,5,0,1,0,0
0,2,0,29,33,0,0,0,0,0,0,0,0,0,0,5,1,8,0,0,0,0,0,0,0,1,2,13,122,113,0,0,0,0,0,0,0,0,0,0,0,0,0,0,0,0,191,0,0,0,1,0,0,1,0,0,0,14,0,0,0,0,0,0,0,0,0,0,58,16,7,0,0,0,1,0,0,0,57,0,0,0,0,0,0,0,0,0,0,0,0,0,0,0,0,0,0,0,0,0,0,0,0,3,0,0,0,0,0,0,0,0,0,0,0,0,0,0,0,0,0,4,10,0,0,0,0,0,0,0,0,0,0,0,0,0,0,0,0,0,0,0,0,1,0,0,0,0,0,0,0,11,4,202,18,0,0,0,0,0,0,0,0,0,0
0,0,0,12,0,6,84,56,108,6,0,0,0,0,0,2,33,0,0,0,0,0,0,0,0,0,0,4,0,0,23,0,0,0,0,0,0,0,0,0,0,0,0,0,0,0,0,35,0,0,0,0,0,0,0,3,0,0,0,0,0,0,0,0,1,0,1,63,0,0,0,0,24,0,0,0,0,0,108,0,1,0,0,0,0,0,0,0,0,0,0,0,0,0,0,0,0,0,0,0,0,0,31,0,1,102,0,0,0,0,0,0,0,0,0,0,0,0,0,0,0,0,135,0,0,0,0,0,0,0,0,0,21,0,0,0,0,0,0,0,0,0,14,2,0,0,0,16,0,0,0,0,0,0,0,0,0,0,0,0,0,0,0,0,0
0,8,0,0,0,15,20,0,0,0,12,0,0,1,0,18,11,0,0,0,0,0,0,3,84,0,0,0,0,0,0,0,7,0,0,0,0,0,0,5,1,0,0,0,0,0,0,0,6,0,17,0,0,0,8,2,0,0,0,0,0,0,0,2,12,153,0,25,0,0,0,0,0,0,0,0,0,0,0,0,0,1,1,0,0,0,0,0,0,0,0,7,0,0,0,0,0,0,0,0,0,0,0,0,0,0,0,0,0,0,0,0,0,0,0,0,0,0,0,0,0,0,0,0,0,0,0,0,0,0,0,0,0,0,0,0,0,0,0,0,0,0,0,0,0,0,1,0,0,0,0,30,46,26,2,2,0,0,2,0,0,0,0,0,0
0,0,2,0,3,0,0,0,0,0,2,0,0,0,1,1,0,0,0,9,17,3,30,0,2,2,18,25,0,0,0,0,0,77,23,38,19,3,22,0,0,29,0,21,23,0,0,0,0,32,10,2,20,4,1,6,0,3,12,2,0,13,2,24,0,0,1,0,95,0,0,0,0,5,23,30,0,0,0,0,0,0,0,0,0,0,0,0,0,0,0,0,0,0,0,0,0,0,0,0,0,0,0,0,0,0,0,0,0,0,0,0,1,0,0,0,0,0,0,0,0,0,0,0,0,0,0,0,0,0,0,0,0,0,0,0,0,0,0,0,0,0,0,0,0,0,0,0,0,0,0,27,0,1,0,0,0,0,0,0,0,0,0,0,0
0,2,0,0,158,3,0,0,0,0,0,0,19,43,23,5,157,2,24,0,0,0,0,0,12,0,16,0,7,0,0,0,0,8,5,0,9,2,2,20,39,114,0,0,0,0,1,0,17,10,73,0,0,0,6,43,0,0,0,0,0,0,0,5,0,0,0,1,2,1,1,0,0,2,1,8,0,0,0,0,0,0,0,0,0,0,0,0,0,0,0,9,0,0,0,0,0,0,0,0,0,0,0,0,0,0,0,0,0,0,0,0,0,0,0,0,0,0,0,0,0,0,0,0,0,0,0,0,0,0,0,0,0,0,0,0,0,0,0,0,0,0,0,0,0,0,0,0,0,0,0,3,1,6,0,0,0,0,3,1,0,0,0,0,0
0,1,13,0,0,0,0,0,0,0,0,0,1,0,0,1,9,0,0,12,0,20,0,1,1,0,0,1,0,0,0,0,0,3,5,1,1,31,3,0,0,0,0,0,32,0,0,0,0,2,0,39,8,0,0,3,0,1,1,0,13,36,10,0,0,0,1,0,0,0,0,0,0,17,9,0,0,0,0,0,0,0,0,0,0,0,0,0,0,0,0,4,0,0,0,0,0,0,0,0,0,0,0,0,0,1,0,0,0,0,0,0,0,0,0,0,0,0,0,0,0,0,0,0,0,0,0,0,0,0,0,0,23,0,0,0,0,0,0,0,0,0,0,0,0,0,0,0,0,0,0,0,0,0,0,0,0,0,0,0,0,0,0,0,0
0,0,3,0,0,0,0,0,0,0,0,0,0,0,0,0,0,0,0,0,0,12,39,0,0,0,0,0,0,0,0,0,0,0,12,2,0,4,5,0,0,0,0,1,10,4,0,0,0,20,0,8,2,0,0,0,0,0,0,0,0,10,47,0,0,0,0,0,0,0,0,0,0,5,15,0,0,0,0,0,0,0,0,0,0,0,0,0,0,0,0,0,0,0,0,1,0,0,0,0,0,0,0,0,0,3,0,0,0,0,0,0,0,0,0,0,0,0,0,0,0,0,0,0,1,0,0,0,0,0,0,0,0,0,0,0,0,0,0,0,0,1,0,0,0,0,0,0,3,0,0,6,0,15,0,0,0,0,0,0,3,0,0,0,0
0,0,0,0,0,0,0,0,0,0,0,0,14,3,38,83,24,0,0,0,0,0,0,0,4,10,13,1,9,0,0,0,0,0,6,8,0,124,50,0,0,0,0,0,0,0,1,0,0,4,0,0,0,140,8,12,0,3,0,0,0,0,0,33,0,0,0,0,1,48,0,0,0,83,73,0,1,0,0,0,2,1,0,1,0,0,0,0,0,8,1,11,0,0,0,0,0,0,0,1,0,0,0,0,0,2,0,0,0,0,0,0,0,0,0,0,0,0,0,0,0,0,0,0,0,0,0,0,0,0,0,0,1,0,0,0,0,0,0,0,0,0,0,0,0,0,0,0,0,0,0,4,3,0,0,0,0,0,0,0,0,0,0,0,0
0,3,2,0,0,3,0,0,0,0,0,0,1,4,44,32,28,0,0,1,0,0,0,0,17,25,0,0,0,5,1,0,0,0,0,0,0,1,29,0,0,0,0,0,0,0,0,0,8,1,6,0,0,8,21,33,0,0,4,0,0,0,0,20,0,0,0,0,0,0,18,0,0,4,13,0,7,0,0,0,33,3,0,0,0,0,0,1,0,28,17,67,0,0,0,0,0,0,0,3,0,0,5,0,10,2,0,0,0,0,0,0,0,0,9,36,0,0,0,0,0,0,0,0,0,7,0,0,9,11,14,0,8,0,0,0,0,0,0,0,0,0,0,0,3,0,3,0,0,0,0,46,62,1,0,0,0,0,0,1,5,0,0,0,0
0,9,0,0,1,12,0,6,1,4,0,0,83,1,15,54,205,0,4,0,0,0,0,4,0,35,0,45,0,29,21,0,0,0,0,2,4,1,32,0,0,0,0,0,0,0,0,3,2,6,43,3,0,12,33,108,0,23,1,0,0,0,0,2,0,0,2,0,0,84,108,0,2,9,28,1,0,0,0,0,16,3,0,0,0,0,0,7,0,26,69,39,0,0,0,0,0,0,0,0,0,0,0,0,2,0,0,0,0,0,0,0,0,0,2,83,0,0,0,0,0,0,0,0,0,3,0,0,27,2,35,0,1,0,0,0,0,0,0,0,0,0,0,0,6,3,1,0,0,0,0,20,28,30,1,0,0,0,2,0,8,0,0,0,0
0,0,0,0,0,0,0,0,0,0,0,0,0,0,0,0,0,0,0,0,0,0,0,0,0,0,24,0,0,0,0,0,0,0,1,0,8,22,25,0,0,0,0,0,0,0,0,0,0,0,0,0,0,0,0,0,7,0,0,0,0,0,0,3,0,0,0,0,0,0,0,0,0,42,58,0,0,0,0,0,0,0,0,0,0,0,0,0,0,0,0,0,0,0,0,0,0,0,0,0,0,0,0,0,0,0,0,0,0,0,0,0,0,0,0,0,0,0,0,0,0,0,0,0,0,0,0,0,0,0,0,0,0,0,0,0,0,0,0,0,0,0,0,0,0,0,0,0,0,0,0,0,0,0,0,0,0,0,0,0,0,0,0,0,0
0,0,0,0,0,0,0,0,0,0,0,0,1,0,0,1,0,0,0,52,1,0,0,0,0,81,0,200,1,6,0,0,0,2,3,1,0,4,1,0,0,2,0,2,1,0,14,0,0,3,0,1,0,3,0,23,0,517,15,59,0,0,3,0,0,0,1,0,47,16,37,0,0,2,15,0,0,0,0,0,0,0,0,0,0,0,0,0,0,0,0,1,0,0,0,2,0,0,0,0,0,0,8,0,1,14,0,0,0,0,0,0,26,0,0,0,0,0,0,0,0,0,2,0,5,0,1,0,0,0,0,0,4,0,0,0,0,7,0,0,0,13,0,0,0,0,0,0,4,0,0,6,0,13,1,0,0,0,0,0,2,0,0,0,0
0,0,37,0,0,0,0,0,0,0,0,0,0,0,0,0,0,0,0,155,12,1,0,0,0,0,0,4,0,0,0,0,0,0,1,10,0,9,8,0,0,0,0,24,2,6,0,0,0,12,0,1,0,0,4,1,0,15,30,101,12,3,9,0,0,0,0,0,3,0,0,0,0,9,4,0,0,0,0,0,0,0,0,0,0,0,0,0,0,0,0,3,0,0,0,0,0,0,0,0,0,0,0,0,0,0,0,0,0,0,0,0,0,0,0,0,0,0,0,0,2,0,0,0,0,0,0,0,0,0,0,0,0,0,0,0,0,0,0,0,0,1,0,0,0,1,0,0,0,0,0,0,0,0,0,2,0,0,0,0,0,0,0,0,0
0,0,8,0,0,0,0,0,0,0,0,2,0,0,0,0,1,0,0,252,118,28,0,0,0,0,0,7,0,0,0,0,0,5,11,2,0,2,0,0,0,0,0,5,3,5,0,0,0,2,0,0,0,0,0,0,0,59,101,81,1,3,8,0,0,0,12,0,0,0,0,0,0,11,0,1,0,0,0,0,0,0,0,0,0,0,0,0,0,0,0,0,0,0,0,2,0,0,0,0,0,0,0,0,0,1,0,0,0,0,0,0,1,0,0,0,0,0,0,0,0,0,0,0,0,0,0,0,0,0,0,0,2,0,1,0,0,0,0,0,0,0,0,0,0,0,0,0,0,0,0,0,0,3,0,0,0,0,0,0,0,0,0,0,0
0,0,1,0,0,0,0,0,0,0,0,0,0,0,0,1,0,0,0,30,4,3,0,0,0,0,0,0,0,0,1,0,0,0,4,6,0,27,1,0,0,0,0,1,4,1,0,0,0,0,0,13,0,0,0,0,0,0,12,1,2,25,3,0,0,0,5,0,0,0,0,0,0,8,21,0,0,0,0,0,0,0,0,0,0,0,0,0,0,0,0,0,0,0,0,5,1,0,0,0,0,0,3,0,0,0,0,0,0,0,0,0,4,0,0,0,0,0,1,0,0,0,0,0,0,0,0,0,0,0,0,0,1,0,0,0,0,2,0,0,0,0,0,0,0,0,0,0,0,0,0,0,0,2,0,0,0,0,0,0,1,0,0,0,0
0,0,23,0,0,0,0,0,0,0,0,0,0,0,0,0,6,0,0,41,0,41,7,0,0,0,0,5,0,0,0,0,0,11,29,7,0,11,0,0,0,0,0,0,5,0,0,0,0,13,0,36,10,0,0,0,0,0,3,3,25,69,50,0,0,0,9,0,0,0,0,0,0,4,8,0,0,0,0,0,0,0,0,0,0,0,0,0,0,0,0,0,0,0,0,6,1,0,0,0,0,0,0,0,0,1,0,0,0,0,0,0,5,0,0,0,0,0,0,0,0,0,0,0,0,0,0,0,0,0,0,0,7,0,0,0,0,0,0,0,0,4,0,0,0,0,0,0,0,0,0,1,0,1,0,5,0,0,1,0,14,0,0,0,0
0,0,56,0,0,0,0,3,0,0,0,0,0,0,0,0,23,0,0,20,5,255,136,93,0,0,0,25,0,0,3,0,0,0,3,0,0,0,0,0,0,0,0,2,67,61,0,0,0,2,0,10,47,0,0,0,0,3,9,8,3,50,185,0,0,0,38,0,0,0,0,0,0,3,7,0,0,0,0,0,0,0,0,0,0,0,0,0,0,0,0,11,0,0,0,6,0,0,0,0,0,0,0,0,0,1,0,0,0,0,0,0,3,0,0,0,0,0,0,0,0,0,0,0,0,0,0,0,0,0,0,0,9,0,0,0,0,0,0,0,0,1,0,0,0,0,0,0,1,0,0,0,0,0,0,23,0,0,0,0,0,0,0,0,0
0,0,0,0,1,3,1,0,0,0,0,0,0,2,4,6,5,0,0,0,0,0,0,0,8,0,3,4,4,0,0,0,0,0,32,17,11,91,13,6,0,30,0,0,0,0,0,0,2,24,5,0,0,33,20,2,3,0,0,0,0,0,0,2,0,14,0,0,11,1,1,0,0,35,33,10,0,0,0,0,0,0,0,0,0,0,0,0,0,0,0,0,0,0,0,0,0,0,0,0,0,0,0,0,0,0,0,0,0,0,0,0,0,0,0,0,0,0,0,0,0,0,0,0,0,0,0,0,0,0,0,0,0,0,0,0,0,0,0,0,0,0,0,0,0,0,0,0,0,0,0,3,13,0,0,0,0,0,0,0,0,0,0,0,0
0,11,0,0,0,4,69,8,0,3,21,0,0,0,0,0,6,0,0,0,0,0,0,0,135,0,0,0,0,0,24,107,16,0,0,0,0,0,0,0,0,0,0,0,0,10,0,1,12,0,0,0,0,0,0,0,0,0,0,0,0,0,0,0,63,172,9,33,0,0,0,71,4,0,0,0,1,0,0,0,0,34,0,0,0,0,0,0,0,0,0,4,0,0,0,0,0,0,0,14,0,0,0,0,0,0,0,24,0,0,0,0,0,0,0,0,0,0,0,0,0,0,0,0,0,0,0,0,0,0,0,0,0,0,0,0,0,0,0,104,34,0,0,0,0,0,47,0,0,0,0,0,29,5,0,0,0,3,0,7,0,0,0,0,13
0,14,0,0,0,0,29,0,0,0,3,0,0,1,0,0,0,0,0,0,0,0,0,0,189,0,0,0,0,0,0,84,5,0,0,0,0,0,0,0,0,0,0,0,0,1,0,0,153,0,0,0,0,0,0,0,0,0,0,0,0,0,0,14,172,109,0,4,0,0,0,83,0,0,0,0,2,0,0,0,0,11,0,0,0,0,0,0,0,0,0,0,0,0,0,0,0,0,0,1,0,0,0,0,0,0,0,0,0,0,0,0,0,0,0,0,0,0,0,0,0,0,1,0,0,0,0,0,0,0,0,0,0,0,0,0,0,0,0,32,1,0,0,0,0,0,16,0,0,0,0,0,127,37,0,0,0,4,0,0,0,0,0,0,0
0,0,43,0,0,0,30,18,3,22,3,25,0,0,0,0,24,0,0,18,27,8,2,5,0,0,0,0,0,0,8,0,0,8,6,0,0,0,3,0,0,0,0,4,7,85,0,1,0,1,0,1,0,0,0,2,0,1,0,12,5,9,38,0,9,0,108,17,0,0,0,1,1,23,1,0,0,2,0,0,2,2,0,0,0,0,2,0,0,0,0,1,0,0,0,29,0,0,0,0,0,0,0,0,0,0,0,0,0,0,0,0,12,0,0,0,0,0,0,2,1,0,0,0,1,0,1,0,0,0,0,0,0,0,0,0,0,5,0,0,0,176,0,0,0,0,0,0,0,0,0,13,2,3,1,0,5,0,0,0,1,0,0,0,0
0,0,0,0,0,2,121,5,40,13,45,0,0,0,0,0,18,0,0,0,0,0,0,0,1,0,0,0,0,0,8,2,19,1,5,0,0,0,3,0,0,0,0,0,0,41,0,63,25,0,1,0,0,0,0,0,0,0,0,0,0,0,0,0,33,4,17,20,0,0,0,33,17,2,5,0,11,0,1,0,7,23,8,8,0,0,0,0,0,0,0,37,0,0,0,0,0,0,0,0,0,0,0,0,0,0,0,2,0,0,0,0,1,0,0,0,0,0,0,0,0,0,0,0,0,0,0,0,0,0,0,0,0,0,0,0,0,0,0,1,0,0,15,0,0,0,0,0,1,0,0,0,2,23,0,0,0,16,7,0,1,0,0,0,0
0,0,0,3,45,0,0,0,0,0,0,0,3,0,4,12,27,3,0,0,0,0,0,0,0,38,93,32,36,9,0,0,0,0,1,0,0,0,0,0,0,52,0,0,0,0,58,0,0,95,2,0,0,1,0,0,0,47,3,0,0,0,0,11,0,0,0,0,235,17,2,0,0,0,6,0,0,0,2,0,0,0,0,0,0,0,0,0,0,0,0,0,0,0,0,0,0,0,0,0,0,0,22,0,0,11,0,0,0,0,0,0,0,0,0,0,0,0,0,0,0,0,1,0,0,0,0,0,0,0,0,0,44,0,0,0,0,0,0,0,0,0,0,0,0,0,0,0,0,0,0,0,0,78,3,0,0,0,0,0,0,0,0,0,0
0,2,0,0,0,0,0,0,0,0,0,0,3,0,2,39,100,0,0,0,0,0,0,0,0,33,41,8,1,11,0,0,0,0,0,0,0,0,8,0,3,0,0,0,0,0,16,0,0,0,1,0,0,48,0,84,0,16,0,0,0,0,0,1,0,0,0,0,17,65,12,0,0,9,32,0,0,0,0,0,0,0,0,0,0,0,0,0,0,0,0,2,0,0,0,0,0,0,0,0,0,0,0,0,1,0,0,0,0,0,0,0,0,0,0,0,0,0,0,0,0,0,0,0,0,0,0,0,0,0,0,0,0,0,0,0,0,0,0,0,0,0,0,0,0,0,0,0,0,0,0,0,35,0,0,0,0,0,0,0,0,0,0,0,0
0,1,0,0,0,0,0,0,0,0,0,0,0,0,1,9,19,0,5,0,0,0,0,0,0,6,0,8,0,29,0,0,0,0,0,0,0,0,1,0,0,0,0,0,0,0,7,0,0,0,1,0,0,0,18,108,0,37,0,0,0,0,0,1,0,0,0,0,2,12,66,0,0,0,4,0,0,0,0,0,0,0,0,0,0,0,0,0,0,0,0,27,0,0,0,0,0,0,0,0,0,0,0,4,6,0,0,0,0,0,0,0,0,0,0,0,0,0,0,0,0,0,0,0,0,0,0,0,0,0,6,0,0,0,0,0,0,0,0,0,0,0,0,0,12,8,0,0,0,0,0,0,0,15,0,0,0,0,0,0,0,0,0,0,0
0,32,0,0,0,6,72,0,0,1,16,0,0,0,0,0,6,0,0,0,0,0,0,0,26,0,0,0,0,0,1,41,20,0,0,0,0,0,0,0,0,0,0,0,0,9,0,0,0,0,0,0,0,0,0,0,0,0,0,0,0,0,0,0,71,83,1,33,0,0,0,23,1,0,0,0,0,0,0,0,0,61,0,0,0,0,0,0,0,0,0,1,0,0,0,0,0,0,0,0,0,0,0,0,0,0,0,13,0,0,0,0,0,0,0,0,0,0,0,0,0,0,0,0,0,0,0,0,0,0,0,0,0,0,0,0,0,0,0,0,3,0,0,0,0,0,2,0,0,0,0,0,0,0,0,0,0,4,0,1,0,0,0,0,0
0,0,0,0,0,0,4,17,9,64,1,0,0,0,0,0,7,0,0,0,0,0,0,0,0,0,0,3,0,0,55,0,0,0,8,0,2,11,27,0,0,0,0,0,14,0,0,24,0,0,0,0,0,0,0,2,0,0,0,0,0,0,0,0,4,0,1,17,0,0,0,1,48,30,20,0,0,0,0,0,1,0,0,0,0,0,0,0,0,0,0,0,0,0,0,0,0,0,0,0,0,0,0,0,0,115,0,0,0,0,0,0,9,1,0,0,0,0,0,0,0,0,0,0,0,0,6,0,0,0,0,0,4,0,0,0,0,0,0,0,0,3,3,0,0,0,0,65,11,0,0,4,0,3,0,0,0,0,4,0,0,0,0,0,0
0,21,15,0,0,0,0,0,0,0,0,0,0,0,3,102,5,1,0,40,0,0,10,0,0,2,25,11,0,0,31,0,0,0,30,14,6,133,153,0,0,0,0,3,18,2,0,0,0,5,2,17,5,83,4,9,42,2,9,11,8,4,3,35,0,0,23,2,0,9,0,0,30,113,78,0,0,0,0,0,0,0,0,0,0,0,1,0,0,0,0,1,0,0,0,2,0,0,0,0,0,0,0,0,0,1,0,0,0,0,0,0,14,0,0,0,0,0,0,0,0,0,0,0,1,0,1,0,0,0,0,0,6,0,0,0,0,2,0,0,0,12,0,0,0,0,0,0,9,0,0,1,0,2,0,0,0,0,0,0,2,0,0,0,0
0,4,2,0,0,0,0,0,0,0,0,0,3,2,12,46,7,0,0,5,2,2,37,0,7,19,62,15,10,0,9,0,0,22,139,30,117,41,202,3,0,26,0,17,4,1,1,0,0,23,1,9,15,73,13,28,58,15,4,0,21,8,7,33,0,0,1,5,6,32,4,0,20,78,599,2,0,0,0,0,0,0,0,0,0,0,0,0,0,0,0,2,0,0,0,0,0,0,0,0,0,0,0,0,1,0,0,0,0,0,0,0,0,0,0,0,0,0,0,0,0,0,0,0,0,0,0,0,0,0,0,0,0,0,0,0,0,0,0,0,0,4,0,0,1,1,0,0,0,0,0,7,0,3,0,0,0,0,0,0,0,0,0,0,0
0,0,0,0,4,0,0,0,0,5,0,0,0,0,3,0,0,0,2,0,1,0,0,0,3,0,18,23,0,0,0,0,0,37,9,0,3,0,0,0,0,20,0,0,0,0,0,0,0,30,8,0,0,0,0,1,0,0,0,1,0,0,0,10,0,0,0,0,0,0,0,0,0,0,2,1,0,0,0,0,0,0,0,0,0,0,0,0,0,0,0,0,0,0,0,0,0,0,0,0,0,0,0,0,0,0,0,0,0,0,0,0,0,0,0,0,0,0,0,0,0,0,0,0,0,0,0,0,0,0,0,0,0,0,0,0,0,0,0,0,0,0,0,0,0,0,0,0,0,0,0,1,0,0,0,0,0,0,0,0,0,0,0,0,0
0,25,0,0,0,31,5,0,0,0,8,0,0,0,0,6,6,0,0,0,0,0,0,1,1,0,0,0,0,0,0,3,0,0,0,0,0,0,0,0,0,0,0,0,0,1,0,0,0,0,0,0,0,1,7,0,0,0,0,0,0,0,0,0,1,2,0,11,0,0,0,0,0,0,0,0,18,0,0,0,47,19,6,0,0,0,0,0,0,0,9,1,0,0,0,0,0,0,0,89,0,0,1,0,0,14,1,0,0,0,0,0,2,10,0,0,0,0,0,0,0,0,11,44,0,0,1,0,0,47,0,0,2,0,0,0,1,0,0,29,61,0,0,1,0,0,3,1,4,2,0,0,6,0,0,1,0,0,0,133,38,0,0,0,0
0,0,0,0,0,0,0,0,0,0,0,1,0,0,0,0,0,0,0,0,2,0,0,0,0,0,0,3,0,0,0,0,0,0,0,0,0,0,0,0,0,0,0,1,0,1,0,0,0,0,0,0,0,0,0,0,0,0,0,0,0,0,0,0,0,0,2,0,0,0,0,0,0,0,0,0,0,46,0,0,0,0,0,0,0,0,9,0,0,0,0,0,0,0,118,67,58,10,11,0,0,0,0,0,0,1,0,0,0,0,1,0,3,0,0,0,0,0,134,0,23,0,0,0,20,0,1,10,0,0,0,0,0,13,14,3,12,62,0,0,0,43,0,0,0,0,0,0,3,0,0,0,0,5,0,0,0,0,7,0,8,0,21,0,0
0,0,0,246,0,0,0,0,4,0,0,0,0,0,0,0,90,0,0,0,0,0,0,0,0,0,0,0,1,0,1,0,0,0,0,0,0,0,0,0,0,0,0,0,0,0,57,108,0,0,0,0,0,0,0,0,0,0,0,0,0,0,0,0,0,0,0,1,2,0,0,0,0,0,0,0,0,0,100,0,0,0,0,0,0,0,0,0,0,0,0,6,0,0,0,0,0,0,0,0,0,40,0,31,18,3,0,0,0,2,0,4,2,4,0,0,11,0,0,0,0,22,62,0,5,0,0,0,0,0,0,0,4,0,0,0,0,0,0,0,0,0,0,8,0,0,0,0,1,12,0,0,0,0,0,0,0,0,37,38,0,0,0,0,0
0,0,0,0,0,0,0,0,0,0,0,0,0,0,0,0,1,0,0,0,0,0,0,0,0,1,0,0,0,0,0,0,0,0,0,0,0,0,0,0,0,0,0,0,0,0,0,0,0,0,0,0,0,0,0,0,0,0,0,0,0,0,0,0,0,0,0,0,0,0,0,0,0,0,0,0,0,0,0,74,0,0,0,0,0,0,0,8,0,0,0,0,0,0,0,0,0,0,0,0,0,114,0,24,0,0,0,0,0,2,0,4,0,34,0,0,9,0,0,0,0,18,0,0,0,46,0,0,0,0,0,0,0,0,0,0,0,0,0,0,0,0,0,19,0,0,0,0,0,0,0,0,0,0,0,0,0,0,0,0,11,0,0,0,0
0,7,0,0,0,144,16,2,0,2,35,0,0,0,0,26,40,0,0,0,0,0,0,0,1,0,0,0,0,0,6,2,0,0,0,0,0,0,0,0,0,0,0,0,0,15,0,1,0,0,0,0,0,2,33,16,0,0,0,0,0,0,0,0,0,0,2,7,0,0,0,0,1,0,0,0,47,0,0,0,38,13,8,6,1,12,0,25,0,0,13,29,0,0,0,0,0,0,0,4,0,0,0,0,0,95,2,0,0,0,0,4,0,0,0,0,2,0,0,0,0,0,24,32,1,2,0,0,0,5,24,0,6,0,0,0,0,0,0,1,6,23,3,0,2,0,8,29,0,0,0,0,1,1,0,0,0,0,0,17,3,0,0,0,0
0,48,0,0,0,72,120,1,0,0,5,0,0,0,0,4,53,0,0,0,0,0,0,0,161,0,0,0,0,0,3,86,0,0,0,0,0,0,0,0,0,0,0,0,0,6,0,0,1,0,0,0,0,1,3,3,0,0,0,0,0,0,0,0,34,11,2,23,0,0,0,61,0,0,0,0,19,0,0,0,13,192,82,20,47,105,0,0,0,0,0,43,0,0,0,5,0,0,0,75,0,0,0,0,0,20,0,6,0,0,0,0,0,0,0,0,0,0,0,0,1,0,11,0,0,0,0,0,0,0,0,0,1,0,0,0,0,0,0,102,108,17,223,0,0,0,47,4,0,0,0,0,8,3,0,0,0,0,2,7,23,0,0,0,7
0,13,0,0,0,6,0,157,0,0,0,0,0,0,0,0,13,0,0,0,0,0,0,0,26,0,0,0,0,0,0,0,0,0,0,0,0,0,0,0,0,0,0,0,0,0,0,0,1,0,0,0,0,0,0,0,0,0,0,0,0,0,0,0,0,0,0,8,0,0,0,0,0,0,0,0,6,0,0,0,8,82,33,144,13,12,0,0,0,0,6,26,0,0,0,0,0,0,0,0,0,0,0,0,0,58,0,0,0,0,0,0,0,0,0,0,0,0,0,0,0,0,84,0,0,1,0,0,0,3,1,0,1,0,0,0,0,0,0,3,0,4,76,0,1,0,6,33,0,0,0,0,0,1,0,0,0,0,19,13,7,0,0,0,0
0,0,0,0,0,0,0,0,61,0,0,0,0,0,0,0,70,0,0,0,0,0,0,0,0,0,0,0,0,0,0,0,0,0,0,0,0,0,0,0,0,0,0,0,0,0,0,0,0,0,0,0,0,1,0,0,0,0,0,0,0,0,0,0,0,0,0,8,0,0,0,0,0,0,0,0,0,0,0,0,6,20,144,60,20,1,0,0,0,0,0,18,0,0,0,0,0,0,0,0,0,0,0,0,0,15,0,0,0,0,0,0,0,0,0,0,0,0,0,0,0,0,26,0,0,0,0,0,0,1,0,0,0,0,0,0,0,0,0,0,0,7,100,0,0,0,0,34,0,0,0,0,0,0,0,0,0,0,1,0,0,0,0,0,0
0,0,0,0,0,0,0,0,0,0,0,0,0,0,0,0,0,0,0,0,0,0,0,0,0,0,0,0,0,0,0,0,0,0,0,0,0,0,0,0,0,0,0,0,0,0,0,0,0,0,0,0,0,0,0,0,0,0,0,0,0,0,0,0,0,0,0,0,0,0,0,0,0,0,0,0,0,0,0,0,1,47,13,20,3,3,0,0,0,0,0,0,0,0,0,0,0,0,0,0,0,1,0,0,0,1,0,0,0,0,0,0,3,0,0,0,0,0,0,0,0,0,1,0,1,0,0,0,0,6,0,0,0,0,0,0,0,0,0,0,0,2,51,0,0,0,0,44,8,0,0,0,0,0,0,0,0,0,0,0,0,0,0,0,0
0,0,0,0,0,0,0,0,0,0,0,0,0,0,0,0,0,0,0,0,0,0,0,0,0,0,0,0,0,0,0,0,0,0,0,0,0,0,0,0,0,0,0,0,0,0,0,0,0,0,0,0,0,0,0,0,0,0,0,0,0,0,0,0,0,0,0,0,0,0,0,0,0,0,0,0,0,0,0,0,12,105,12,1,3,5,0,0,0,0,0,1,0,0,0,0,0,0,1,0,0,42,0,0,0,40,0,0,0,0,0,0,3,0,0,0,2,0,0,0,6,0,0,0,0,0,0,0,0,12,0,0,0,0,0,0,0,0,0,0,0,20,2,0,0,0,0,5,2,0,0,0,0,0,0,0,0,0,10,1,0,0,0,0,0
0,0,0,0,0,0,0,0,0,0,0,21,0,0,0,0,0,0,0,0,2,0,0,0,0,0,0,0,0,0,0,0,0,0,0,0,0,0,0,0,0,0,0,0,0,29,0,0,0,0,0,0,0,0,0,0,0,0,0,0,0,0,0,0,0,0,2,0,0,0,0,0,0,1,0,0,0,9,0,0,0,0,0,0,0,0,115,0,0,0,0,0,0,0,0,15,0,8,3,0,0,0,0,0,0,0,0,0,0,0,0,0,0,0,0,0,0,0,2,2,459,0,0,0,0,0,0,1,0,0,0,0,0,0,17,0,0,0,0,0,0,35,0,0,0,0,0,0,0,0,0,0,0,0,0,0,0,0,0,0,1,0,0,0,0
0,0,0,0,0,0,0,0,0,0,0,0,0,0,0,15,16,0,0,0,0,0,0,0,0,0,0,0,0,0,0,0,0,0,0,0,0,0,0,0,0,0,0,0,0,0,0,0,0,0,0,0,0,0,1,7,0,0,0,0,0,0,0,0,0,0,0,0,0,0,0,0,0,0,0,0,0,0,0,8,25,0,0,0,0,0,0,0,0,17,2,54,0,0,0,0,0,0,0,0,0,11,0,0,1,0,0,0,0,0,0,1,0,3,0,7,0,0,0,0,0,0,0,0,0,0,0,0,10,5,43,2,49,0,0,0,0,0,0,0,0,0,0,3,17,0,0,0,33,17,0,0,0,0,0,0,0,0,0,0,0,0,0,0,0
0,0,0,0,0,0,0,0,0,0,0,0,0,0,0,1,2,0,0,0,0,0,0,0,0,0,0,0,0,0,0,0,0,0,0,0,0,0,0,0,0,0,0,0,0,0,0,0,0,0,0,0,0,0,0,0,0,0,0,0,0,0,0,0,0,0,0,0,0,0,0,0,0,0,0,0,0,0,0,0,0,0,0,0,0,0,0,0,0,0,0,0,0,0,0,0,0,0,0,0,0,2,0,0,0,0,0,0,0,0,0,1,0,4,1,0,0,0,0,0,0,0,0,0,0,0,0,0,0,0,0,0,0,0,0,0,0,0,0,0,0,0,0,0,0,0,0,0,0,0,0,0,0,0,0,0,0,0,0,0,0,0,0,0,0
0,5,0,0,0,8,0,0,0,0,0,0,0,0,0,86,64,0,0,0,0,0,0,0,0,0,0,0,0,0,0,0,0,0,0,0,0,0,0,0,0,0,0,0,0,0,0,0,0,0,0,0,0,8,28,26,0,0,0,0,0,0,0,0,0,0,0,0,0,0,0,0,0,0,0,0,0,0,0,0,0,0,0,0,0,0,0,17,0,27,5,2,0,0,0,0,0,0,0,11,0,0,0,0,0,0,0,0,0,0,0,0,0,0,18,15,0,0,0,0,0,0,0,0,0,6,0,0,28,25,7,0,0,0,0,0,0,0,3,0,3,0,0,0,0,0,0,0,2,0,0,2,3,0,0,0,0,0,3,0,0,0,0,0,0
0,0,0,0,0,2,8,2,0,0,0,0,0,0,0,39,124,0,0,0,0,0,0,0,0,0,0,0,0,0,0,0,0,0,0,0,0,0,0,0,0,0,0,0,0,0,0,0,0,0,0,0,0,1,17,69,0,0,0,0,0,0,0,0,0,0,0,0,0,0,0,0,0,0,0,0,9,0,0,0,13,0,6,0,0,0,0,2,0,5,236,22,0,0,0,0,0,0,0,1,8,2,2,85,3,0,0,0,0,1,0,1,17,17,0,2,0,0,0,0,0,23,0,8,1,2,0,0,137,103,62,2,74,0,0,0,0,0,48,0,0,0,0,10,91,27,0,0,48,14,0,11,0,0,0,0,0,0,41,103,0,0,0,0,0
0,6,0,0,0,136,232,238,72,0,6,0,8,0,15,102,1105,0,0,1,0,11,1,0,1,12,0,4,0,5,6,1,0,0,0,0,0,1,1,0,8,0,0,0,0,5,0,0,7,0,9,4,0,11,67,39,0,1,3,0,0,0,11,0,4,0,1,37,0,2,27,1,0,1,2,0,1,0,6,0,29,43,26,18,0,1,0,54,0,2,22,421,0,0,1,5,0,0,0,0,1,1,8,0,14,33,0,0,0,0,0,0,0,5,1,25,0,0,0,0,4,3,20,3,0,59,0,0,0,26,43,0,27,0,0,0,0,0,1,0,0,2,93,0,2,13,19,0,2,1,0,176,30,75,0,0,0,0,134,11,92,6,0,0,0
0,0,0,0,0,0,0,0,0,0,0,0,0,0,0,0,0,0,0,0,0,0,0,0,0,0,0,0,0,0,0,0,0,0,0,0,0,0,0,0,0,0,0,0,0,0,0,0,0,0,0,0,0,0,0,0,0,0,0,0,0,0,0,0,0,0,0,0,0,0,0,0,0,0,0,0,0,0,0,0,0,0,0,0,0,0,0,0,0,0,0,0,0,0,0,0,0,0,0,0,0,0,0,0,0,0,0,0,0,0,0,0,0,1,0,0,0,0,0,0,0,0,0,0,0,0,0,0,0,0,0,0,0,0,0,0,0,0,0,0,0,0,0,0,0,0,0,0,0,0,0,0,0,0,0,0,0,0,0,0,0,0,0,0,0
0,0,0,0,0,0,0,0,0,0,0,0,0,0,0,0,0,0,0,0,0,0,0,0,0,0,0,0,0,0,0,0,0,0,0,0,0,0,0,0,0,0,0,0,0,0,0,0,0,0,0,0,0,0,0,0,0,0,0,0,0,0,0,0,0,0,0,0,0,0,0,0,0,0,0,0,0,0,0,0,0,0,0,0,0,0,0,0,0,0,0,0,0,0,0,0,0,0,0,0,0,0,0,0,0,0,0,0,0,0,0,0,0,0,1,0,0,0,0,0,0,0,0,0,0,0,0,0,0,0,0,0,0,0,0,0,0,0,0,0,0,0,0,0,0,0,0,0,0,0,0,0,0,0,0,0,0,0,0,0,0,0,0,0,0
0,0,0,0,0,0,0,0,0,0,0,0,0,0,0,0,0,0,0,1,2,0,0,0,0,0,0,0,0,0,0,0,0,0,0,0,0,0,0,0,0,0,0,2,0,0,0,0,0,0,0,0,0,0,0,0,0,0,0,0,0,0,0,0,0,0,0,0,0,0,0,0,0,0,0,0,0,118,0,0,0,0,0,0,0,0,0,0,0,0,0,1,0,0,104,145,28,0,0,0,9,0,42,0,0,0,0,0,0,17,0,0,91,13,0,0,0,0,104,3,7,0,0,0,66,0,66,4,0,8,5,0,35,148,61,70,22,51,0,0,0,30,0,0,0,0,0,0,20,39,0,0,0,5,0,0,0,0,3,0,17,0,1,0,0
0,0,5,0,0,0,0,0,0,0,0,61,0,0,0,0,0,0,0,4,75,7,7,0,0,0,0,0,0,0,0,0,0,0,0,0,0,0,0,0,0,0,0,8,0,90,0,0,0,0,0,0,1,0,0,0,0,2,0,2,5,6,6,0,0,0,29,0,0,0,0,0,0,2,0,0,0,67,0,0,0,5,0,0,0,0,15,0,0,0,0,5,0,0,145,50,43,4,17,0,0,0,22,0,0,0,0,0,0,0,0,0,19,4,0,0,0,0,44,4,147,0,0,0,4,0,1,0,0,0,68,0,0,30,72,3,0,108,0,0,0,26,0,0,0,0,0,0,2,5,0,0,0,3,0,0,0,0,29,0,32,0,33,0,0
0,0,0,0,0,0,0,0,0,0,0,0,0,0,0,0,0,0,0,0,0,0,0,0,0,0,0,0,0,0,0,0,0,0,0,0,0,0,0,0,0,0,0,0,0,0,0,0,0,0,0,0,0,0,0,0,0,0,0,0,1,1,0,0,0,0,0,0,0,0,0,0,0,0,0,0,0,58,0,0,0,0,0,0,0,0,0,0,0,0,0,0,0,0,28,43,89,22,30,0,0,0,1,0,0,0,0,0,0,0,0,0,2,0,0,0,0,0,22,8,63,0,0,0,4,0,18,24,0,0,0,0,0,13,71,0,91,125,0,0,0,2,0,0,0,0,0,0,0,0,0,0,0,0,0,0,0,0,2,0,2,0,18,0,0
0,0,0,0,0,0,0,0,0,0,0,0,0,0,0,0,0,0,0,0,0,0,0,0,0,0,0,0,0,0,0,0,0,0,0,0,0,0,0,0,0,0,0,0,0,1,0,0,0,0,0,0,0,0,0,0,0,0,0,0,0,0,0,0,0,0,0,0,0,0,0,0,0,0,0,0,0,10,0,0,0,0,0,0,0,0,8,0,0,0,0,0,0,0,0,4,22,302,3,0,0,0,4,0,0,0,0,0,0,0,0,0,3,3,0,0,0,0,4,90,252,0,0,0,16,0,49,26,0,0,0,0,2,0,1,0,0,214,0,0,0,30,0,0,0,0,0,0,4,0,0,0,0,0,0,0,0,0,12,0,22,0,1,0,0
0,0,0,0,0,0,0,0,0,0,0,0,0,0,0,0,0,0,0,0,0,0,0,0,0,0,0,0,0,0,0,0,0,0,0,0,0,0,0,0,0,0,0,0,0,0,0,0,0,0,0,0,0,0,0,0,0,0,0,0,0,0,0,0,0,0,0,0,0,0,0,0,0,0,0,0,0,11,0,0,0,0,0,0,0,1,3,0,0,0,0,0,0,0,0,17,30,3,15,0,0,0,0,0,0,18,0,0,0,0,0,0,2,0,0,0,0,0,1,0,65,0,0,0,0,0,6,0,0,0,0,0,0,1,0,0,1,48,0,0,0,85,0,0,0,0,0,0,0,0,0,0,0,0,0,0,0,0,0,0,0,0,4,0,4
0,1,0,0,0,19,0,0,0,0,0,0,0,0,0,2,0,0,0,0,0,0,0,0,3,0,0,0,0,0,0,0,0,0,0,0,0,0,0,0,0,0,0,0,0,0,0,0,0,0,0,0,0,1,3,0,0,0,0,0,0,0,0,0,14,1,0,0,0,0,0,0,0,0,0,0,89,0,0,0,4,75,0,0,0,0,0,0,0,11,1,0,0,0,0,0,0,0,0,19,0,0,0,0,0,0,6,0,1,0,0,2,0,4,4,0,0,0,0,0,0,0,0,36,0,0,0,0,0,2,0,0,0,0,0,0,0,0,8,20,117,0,0,0,0,0,41,0,0,3,0,0,0,0,0,0,0,0,1,83,16,0,0,0,1
0,0,0,0,0,0,0,0,0,0,0,0,0,0,0,0,0,0,0,0,0,0,0,0,0,0,0,0,0,0,0,0,0,0,0,0,0,0,0,0,0,0,0,0,0,0,0,0,0,0,0,0,0,0,0,0,0,0,0,0,0,0,0,0,0,0,0,0,0,0,0,0,0,0,0,0,0,0,0,0,0,0,0,0,0,0,0,0,0,0,8,1,0,0,9,0,0,0,0,0,20,0,16,0,0,1,0,0,4,4,5,2,62,87,0,0,0,0,0,6,0,4,0,0,10,0,12,0,21,52,23,18,75,0,4,80,1,0,11,0,0,0,0,0,0,0,0,0,145,121,0,0,0,0,0,0,0,0,59,0,34,0,0,0,0
0,0,0,0,0,0,0,0,0,0,0,0,0,0,0,0,0,0,0,0,0,0,0,0,0,0,0,0,0,0,0,0,0,0,0,0,0,0,0,0,0,0,0,0,0,0,0,0,0,0,0,0,0,0,0,0,0,0,0,0,0,0,0,0,0,0,0,0,0,0,0,0,0,0,0,0,0,0,40,114,0,0,0,0,1,42,0,11,2,0,2,1,0,0,0,0,0,0,0,0,0,90,21,14,11,1,0,0,2,0,0,32,3,47,33,7,93,0,0,0,0,12,8,12,0,25,0,0,10,2,1,2,62,0,0,0,0,0,71,0,0,0,0,115,24,0,0,0,23,66,5,0,0,0,0,0,0,0,0,0,7,0,0,0,0
0,0,0,14,0,0,0,0,0,0,0,0,1,0,0,1,0,0,0,0,0,0,0,1,0,0,0,77,0,0,13,0,0,0,2,0,0,0,0,0,0,0,0,0,7,0,0,31,0,0,0,0,0,0,5,0,0,8,0,0,3,0,0,0,0,0,0,0,22,0,0,0,0,0,0,0,1,0,0,0,0,0,0,0,0,0,0,0,0,0,2,8,0,0,42,22,1,4,0,0,16,21,25,9,0,17,0,0,28,10,1,3,41,25,0,0,2,0,1,4,1,4,1,0,8,0,10,0,0,11,12,35,62,11,10,6,2,9,1,0,0,6,0,1,0,0,0,0,12,18,18,0,0,0,0,0,0,0,26,2,67,0,4,0,0
0,0,0,2,0,0,0,0,0,0,0,0,0,0,0,0,0,0,0,0,0,0,0,0,0,0,0,0,0,0,0,0,0,0,0,0,0,0,0,0,0,0,0,0,0,0,3,0,0,0,0,0,0,0,0,0,0,0,0,0,0,0,0,0,0,0,0,0,0,0,4,0,0,0,0,0,0,0,31,24,0,0,0,0,0,0,0,0,0,0,85,0,0,0,0,0,0,0,0,0,0,14,9,68,9,2,0,0,0,0,0,0,0,0,0,0,0,0,0,0,0,57,4,0,0,0,0,0,31,17,0,0,9,0,0,0,0,0,3,0,0,0,0,69,75,1,0,0,0,0,0,0,0,0,0,0,0,0,10,2,47,17,1,0,0
0,0,0,9,1,0,0,0,0,0,0,0,0,0,0,2,46,0,0,0,0,0,0,0,0,6,0,0,0,6,0,0,0,0,0,0,0,0,0,0,0,0,0,0,0,0,0,1,0,0,0,0,0,0,10,2,0,1,0,0,0,0,0,0,0,0,0,0,0,1,6,0,0,0,1,0,0,0,18,0,0,0,0,0,0,0,0,1,0,0,3,14,0,0,0,0,0,0,0,0,0,11,0,9,65,0,0,0,0,0,0,0,0,0,0,0,0,0,0,0,0,44,0,0,0,0,0,0,3,0,3,0,0,0,0,0,0,0,0,0,0,0,0,10,5,14,0,0,0,0,0,0,0,0,0,0,0,0,25,193,58,33,0,0,0
0,0,0,32,0,0,0,0,0,0,0,0,3,0,0,0,0,0,0,0,0,0,0,0,0,0,0,72,0,0,142,0,0,0,1,1,0,2,0,0,0,0,0,3,2,0,0,102,0,0,0,1,3,2,2,0,0,14,0,1,0,1,1,0,0,0,0,0,11,0,0,0,115,1,0,0,14,1,3,0,95,20,58,15,1,40,0,0,0,0,0,33,0,0,0,0,0,0,18,0,1,1,17,2,0,32,0,0,1,0,0,0,1,0,0,0,0,0,0,0,1,3,38,0,0,0,4,0,0,16,4,0,0,0,0,0,0,0,0,0,0,50,23,0,0,0,12,16,11,0,0,6,0,13,0,0,0,0,0,0,1,0,4,0,0
0,0,0,0,0,0,0,0,0,0,0,0,0,0,0,0,0,0,0,0,0,0,0,0,0,0,0,0,0,0,0,0,0,0,0,0,0,0,0,0,0,0,0,0,0,0,0,0,0,0,0,0,0,0,0,0,0,0,0,0,0,0,0,0,0,0,0,0,0,0,0,0,0,0,0,0,1,0,0,0,2,0,0,0,0,0,0,0,0,0,0,0,0,0,0,0,0,0,0,6,0,0,0,0,0,0,2,11,0,0,0,0,0,0,0,0,0,0,0,0,0,0,1,0,0,0,0,0,0,0,0,0,0,0,0,0,0,0,0,7,0,0,0,0,0,0,2,0,0,0,0,0,0,0,0,0,0,0,0,1,0,0,0,0,4
0,0,0,0,0,0,0,0,0,0,0,0,0,0,0,0,0,0,0,0,0,0,0,0,1,0,0,0,0,0,0,0,1,0,0,0,0,0,0,0,0,0,0,0,0,0,0,0,0,0,0,0,0,0,0,0,0,0,0,0,0,0,0,0,24,0,0,2,0,0,0,13,0,0,0,0,0,0,0,0,0,6,0,0,0,0,0,0,0,0,0,0,0,0,0,0,0,0,0,0,0,0,0,0,0,0,11,10,0,0,0,0,0,0,0,0,0,0,0,0,0,0,0,0,0,0,0,0,0,0,0,0,0,0,0,0,0,0,0,45,54,0,4,0,0,0,5,0,0,0,0,0,0,0,0,0,0,0,0,0,0,0,0,0,2
0,0,0,0,0,0,0,0,0,0,0,0,0,0,0,0,0,0,0,0,0,0,0,0,0,0,0,0,0,0,0,0,0,0,0,0,0,0,0,0,0,0,0,0,0,0,0,0,0,0,0,0,0,0,0,0,0,0,0,0,0,0,0,0,0,0,0,0,0,0,0,0,0,0,0,0,0,0,0,0,0,0,0,0,0,0,0,0,0,0,0,0,0,0,0,0,0,0,0,1,4,2,28,0,0,1,0,0,28,6,17,10,3,0,0,0,37,0,0,0,0,0,0,6,41,4,0,0,0,4,0,0,5,0,0,0,0,0,0,0,0,0,0,0,0,0,0,0,4,0,13,0,0,0,0,0,0,0,0,10,0,0,0,0,0
0,0,0,0,0,0,0,0,0,0,0,0,0,0,0,0,0,0,0,0,0,0,0,0,0,0,0,0,0,0,0,0,0,0,0,0,0,0,0,0,0,0,0,0,0,0,0,0,0,0,0,0,0,0,0,0,0,0,0,0,0,0,0,0,0,0,0,0,0,0,0,0,0,0,0,0,0,0,2,2,0,0,0,0,0,0,0,0,0,0,1,0,0,0,17,0,0,0,0,0,4,0,10,0,0,0,0,0,6,184,11,116,0,4,0,0,65,0,8,0,0,0,0,2,12,0,0,0,0,1,0,0,15,0,0,0,0,0,1,0,0,0,0,1,0,0,0,0,3,168,36,0,0,0,0,0,0,0,0,10,12,0,0,0,0
0,0,0,0,0,0,0,0,0,0,0,0,0,0,0,0,0,0,0,0,0,0,0,0,0,0,0,0,0,0,0,0,0,0,0,0,0,0,0,0,0,0,0,0,0,0,0,0,0,0,0,0,0,0,0,0,0,0,0,0,0,0,0,0,0,0,0,0,0,0,0,0,0,0,0,0,0,1,0,0,0,0,0,0,0,0,0,0,0,0,0,0,0,0,0,0,0,0,0,0,5,0,1,0,0,0,0,0,17,11,4,5,0,4,0,0,1,0,0,0,0,0,0,2,25,1,2,0,0,10,0,0,0,0,0,0,0,0,0,0,0,0,0,0,0,0,0,0,4,19,6,0,0,0,0,0,0,0,0,1,1,0,0,1,0
0,0,0,0,0,0,0,0,0,0,0,0,0,0,0,0,0,0,0,0,0,0,0,0,0,0,0,0,0,0,0,0,0,0,0,0,0,0,0,0,0,0,0,0,0,0,0,0,0,0,0,0,0,0,0,0,0,0,0,0,0,0,0,0,0,0,0,0,0,0,0,0,0,0,0,0,0,0,4,4,4,0,0,0,0,0,0,1,1,0,1,0,0,0,0,0,0,0,0,2,2,32,3,0,0,0,0,0,10,116,5,17,0,76,34,3,82,0,0,0,0,0,0,60,10,92,0,0,0,4,0,0,19,0,0,0,0,0,28,0,0,0,0,1,0,0,0,0,0,174,30,0,0,0,0,0,0,0,0,0,0,0,0,0,0
0,0,5,0,0,0,0,0,0,0,0,7,0,0,0,0,0,0,0,0,1,0,0,1,0,0,0,29,0,0,48,0,0,0,0,0,0,0,0,0,0,0,0,1,1,1,0,0,0,1,0,0,0,0,0,0,0,26,0,1,4,5,3,0,0,0,12,1,0,0,0,0,9,14,0,0,2,3,2,0,0,0,0,0,3,3,0,0,0,0,17,0,0,0,91,19,2,3,2,0,62,3,41,0,0,1,0,0,3,0,0,0,31,7,3,0,0,0,6,49,13,0,2,0,1,0,67,0,27,36,6,5,19,3,28,16,75,52,21,0,0,14,0,0,2,0,0,1,33,26,0,0,0,9,0,0,0,0,7,0,3,0,8,0,0
0,0,0,0,0,0,0,0,0,0,0,0,0,0,0,0,0,0,0,0,0,0,0,0,0,0,0,0,0,0,1,0,0,0,0,0,0,0,0,0,0,0,0,0,0,0,0,0,0,0,0,0,0,0,0,0,0,0,0,0,0,0,0,0,0,0,0,0,0,0,0,0,1,0,0,0,10,0,4,34,0,0,0,0,0,0,0,3,4,0,17,5,1,0,13,4,0,3,0,4,87,47,25,0,0,0,0,0,0,4,4,76,7,103,4,0,19,0,28,6,1,1,0,8,87,1,0,7,20,26,0,28,18,0,25,7,0,0,9,1,2,2,0,4,0,0,0,0,60,350,0,0,0,0,0,0,0,0,15,0,5,0,0,0,0
0,0,0,0,0,12,0,0,0,0,0,0,0,0,0,42,45,0,0,0,0,0,0,0,0,0,0,0,0,0,0,0,0,0,0,0,0,0,0,0,0,0,0,0,0,0,0,0,0,0,0,0,0,0,9,2,0,0,0,0,0,0,0,0,0,0,0,0,0,0,0,0,0,0,0,0,0,0,0,0,0,0,0,0,0,0,0,0,1,18,0,1,0,1,0,0,0,0,0,4,0,33,0,0,0,0,0,0,0,0,0,34,3,4,3,19,6,0,0,0,0,0,0,4,0,19,0,0,0,0,0,0,0,0,0,0,0,0,0,0,2,0,0,0,0,0,0,0,3,2,0,0,3,0,0,0,0,0,0,0,3,0,0,0,0
0,0,0,0,0,0,0,0,0,0,0,0,0,0,0,48,12,0,0,0,0,0,0,0,0,0,0,0,0,0,0,0,0,0,0,0,0,0,0,0,0,0,0,0,0,0,0,0,0,0,0,0,0,0,36,83,0,0,0,0,0,0,0,0,0,0,0,0,0,0,0,0,0,0,0,0,0,0,0,0,0,0,0,0,0,0,0,7,0,15,2,25,0,0,0,0,0,0,0,0,0,7,0,0,0,0,0,0,0,0,0,3,0,0,19,1,2,0,0,0,0,0,0,2,0,6,0,0,0,0,10,0,0,0,0,0,0,0,1,0,1,0,0,0,0,0,0,0,0,0,0,0,0,0,0,0,0,0,1,0,0,0,0,0,0
0,0,0,0,0,0,0,0,0,0,0,0,0,0,0,0,0,0,0,0,0,0,0,0,0,0,0,0,0,0,0,0,0,0,0,0,0,0,0,0,0,0,0,0,0,0,0,0,0,0,0,0,0,0,0,0,0,0,0,0,0,0,0,0,0,0,0,0,0,0,0,0,0,0,0,0,0,0,11,9,2,0,0,0,0,2,0,0,0,0,0,0,0,0,0,0,0,0,0,0,0,93,2,0,0,0,0,0,37,65,1,82,0,19,6,2,76,0,0,0,0,0,2,34,25,102,0,0,0,0,0,0,3,0,0,0,0,0,2,0,0,0,0,8,0,0,0,0,4,41,36,0,0,0,0,0,0,0,0,0,0,0,0,0,0
0,0,0,0,0,0,0,0,0,0,0,0,0,0,0,0,0,0,0,0,0,0,0,0,0,0,0,0,0,0,0,0,0,0,0,0,0,0,0,0,0,0,0,0,0,0,0,0,0,0,0,0,0,0,0,0,0,0,0,0,0,0,0,0,0,0,0,0,0,0,0,0,0,0,0,0,0,0,0,0,0,0,0,0,0,0,0,0,0,0,0,0,0,0,0,0,0,0,0,0,0,0,0,0,0,0,0,0,0,0,0,0,0,0,0,0,0,0,0,0,0,0,0,0,0,0,0,0,0,0,0,0,0,0,0,0,0,0,0,0,0,0,0,0,0,0,0,0,0,0,0,0,0,0,0,0,0,0,0,0,0,0,0,0,0
0,0,2,0,0,0,0,0,0,0,0,0,0,0,0,0,0,0,0,2,11,1,0,0,0,0,0,0,0,0,0,0,0,0,0,0,0,0,0,0,0,0,0,15,0,11,0,0,0,0,0,0,0,0,0,0,0,0,0,0,1,0,0,0,0,0,0,0,0,0,0,0,0,0,0,0,0,134,0,0,0,0,0,0,0,0,2,0,0,0,0,0,0,0,104,44,22,4,1,0,0,0,1,0,0,0,0,0,0,8,0,0,6,28,0,0,0,0,156,13,47,0,0,0,127,0,11,19,0,0,0,0,0,15,16,0,0,13,0,0,0,14,0,0,0,0,0,0,27,6,0,0,0,0,0,0,0,0,31,0,94,0,0,0,0
0,0,0,0,0,0,0,0,0,0,0,0,0,0,0,0,0,0,0,0,0,1,0,0,0,0,0,0,0,0,0,0,0,0,0,0,0,0,0,0,0,0,0,0,0,0,0,0,0,0,0,0,0,0,0,0,0,0,0,0,0,0,0,0,0,0,2,0,0,0,0,0,0,0,0,0,0,0,0,0,0,0,0,0,0,0,2,0,0,0,0,0,0,0,3,4,8,90,0,0,6,0,4,0,0,0,0,0,0,0,0,0,49,6,0,0,0,0,13,5,33,0,0,0,3,0,16,32,0,5,0,0,3,0,3,0,9,26,0,0,0,0,0,0,0,0,0,0,0,0,0,0,0,0,0,0,0,0,106,2,30,0,26,10,0
0,0,31,0,0,0,0,0,0,0,0,1,0,0,0,0,0,0,0,25,14,0,3,0,0,0,0,1,0,0,0,0,0,0,0,0,0,0,0,0,0,0,0,7,0,156,0,0,0,0,0,0,0,0,0,0,0,0,2,0,0,0,0,0,0,0,1,0,0,0,0,0,0,0,0,0,0,23,0,0,0,1,0,0,0,6,459,0,0,0,0,4,0,0,7,147,63,252,65,0,0,0,1,0,0,1,0,0,0,0,0,0,13,1,0,0,0,0,47,33,109,0,0,0,6,0,9,23,0,3,0,0,0,3,11,0,2,82,0,0,0,98,19,0,0,0,0,0,1,0,0,0,0,0,0,0,0,0,7,0,6,0,22,0,0
0,0,0,15,0,0,0,0,0,0,0,0,0,0,0,0,2,0,0,0,0,0,0,0,0,0,0,0,0,3,0,0,0,0,0,0,0,0,0,0,0,0,0,0,0,0,4,0,0,0,0,0,0,0,0,0,0,0,0,0,0,0,0,0,0,0,0,0,0,0,0,0,0,0,0,0,0,0,22,18,0,0,0,0,0,0,0,0,0,0,23,3,0,0,0,0,0,0,0,0,4,12,4,57,44,3,0,0,0,0,0,0,0,1,0,0,0,0,0,0,0,111,7,0,0,0,0,0,2,20,27,0,1,0,0,0,0,0,0,0,0,0,0,6,15,2,0,0,2,3,0,0,0,0,0,0,0,0,124,57,49,26,3,0,0
0,0,0,170,0,2,0,0,0,0,0,0,0,0,0,0,0,0,0,0,0,0,0,0,3,0,0,1,0,0,2,2,0,0,0,0,0,0,0,0,0,0,0,0,0,0,10,135,0,0,0,0,0,0,0,0,0,2,0,0,0,0,0,0,0,1,0,0,1,0,0,0,0,0,0,0,11,0,62,0,24,11,84,26,1,0,0,0,0,0,0,20,0,0,0,0,0,0,0,0,0,8,1,4,0,38,1,0,0,0,0,0,2,0,0,0,2,0,0,0,0,7,33,0,0,0,0,0,0,0,0,0,0,0,0,0,0,0,0,0,0,3,71,1,0,0,13,36,1,0,0,0,2,0,0,0,0,0,0,2,0,0,0,0,0
0,0,0,0,0,1,0,0,0,0,0,0,0,0,0,0,0,0,0,0,0,0,0,0,0,0,0,0,0,0,0,0,0,0,0,0,0,0,0,0,0,0,0,0,0,0,0,0,0,0,0,0,0,0,0,0,0,0,0,0,0,0,0,0,0,0,0,0,0,0,0,0,0,0,0,0,44,0,0,0,32,0,0,0,0,0,0,0,0,0,8,3,0,0,0,0,0,0,0,36,0,12,0,0,0,0,0,0,6,2,2,60,0,8,4,2,34,0,0,0,0,0,0,6,1,3,0,0,0,24,0,0,0,0,0,0,0,0,20,3,39,0,0,0,1,0,3,0,1,0,0,0,0,0,0,0,0,0,2,0,1,0,0,0,1
0,0,0,0,0,0,0,0,0,0,0,0,0,0,0,0,0,0,0,0,0,0,0,0,0,0,0,0,0,0,5,0,0,0,0,0,0,0,0,0,0,0,0,1,0,0,0,0,0,0,0,0,1,0,0,0,0,5,0,0,0,0,0,0,0,0,1,0,0,0,0,0,0,1,0,0,0,20,5,0,1,0,0,0,1,0,0,0,0,0,1,0,0,0,66,4,4,16,0,0,10,0,8,0,0,0,0,0,41,12,25,10,1,87,0,0,25,0,127,3,6,0,0,1,7,0,0,28,0,8,3,0,2,23,48,12,0,0,0,0,0,1,0,3,0,0,0,0,2,118,18,0,0,0,0,0,0,0,13,2,0,0,0,0,0
0,1,0,0,0,10,2,1,0,0,0,0,0,0,0,15,23,0,0,0,0,0,0,0,0,0,0,0,0,0,0,0,0,0,0,0,0,0,0,0,0,0,0,0,0,0,0,0,0,0,0,0,0,0,7,3,0,0,0,0,0,0,0,0,0,0,0,0,0,0,0,0,0,0,0,0,0,0,0,46,2,0,1,0,0,0,0,0,0,6,2,59,0,0,0,0,0,0,0,0,0,25,0,0,0,0,0,0,4,0,1,92,0,1,19,6,102,0,0,0,0,0,0,3,0,38,0,0,20,16,44,0,0,0,0,0,0,0,34,0,0,0,0,0,0,0,0,0,1,1,1,1,0,0,0,0,0,0,2,1,0,0,0,0,0
0,0,0,0,0,0,0,0,0,0,0,1,0,0,0,0,0,0,0,0,0,0,0,0,0,0,0,2,0,0,9,0,0,0,0,0,0,0,0,0,0,0,0,0,0,0,0,0,0,0,0,0,0,0,0,0,0,1,0,0,0,0,0,0,0,0,1,0,0,0,0,0,6,1,0,0,1,1,0,0,0,0,0,0,0,0,0,0,0,0,0,0,0,0,66,1,18,49,6,0,12,0,10,0,0,4,0,0,0,0,2,0,67,0,0,0,0,0,11,16,9,0,0,0,0,0,54,31,0,8,5,0,7,4,43,1,64,46,0,0,0,5,0,0,0,0,0,0,4,4,0,0,0,0,0,0,0,0,1,0,0,0,10,0,0
0,0,0,0,0,0,0,0,0,0,0,0,0,0,0,0,0,0,0,0,0,0,0,0,0,0,0,0,0,0,0,0,0,0,0,0,0,0,0,0,0,0,0,0,0,0,0,0,0,0,0,0,0,0,0,0,0,0,0,0,0,0,0,0,0,0,0,0,0,0,0,0,0,0,0,0,0,10,0,0,0,0,0,0,0,0,1,0,0,0,0,0,0,0,4,0,24,26,0,0,0,0,0,0,0,0,0,0,0,0,0,0,0,7,0,0,0,0,19,32,23,0,0,0,28,0,31,14,0,0,0,0,0,0,0,0,0,55,0,0,0,0,0,0,0,0,0,0,0,1,0,0,0,0,0,0,0,0,2,0,2,0,16,0,0
0,0,0,0,0,0,0,0,0,0,0,0,0,0,0,8,23,0,0,0,0,0,0,0,0,0,0,0,0,0,0,0,0,0,0,0,0,0,0,0,0,0,0,0,0,0,0,0,0,0,0,0,0,0,9,27,0,0,0,0,0,0,0,0,0,0,0,0,0,0,0,0,0,0,0,0,0,0,0,0,0,0,0,0,0,0,0,10,0,28,137,0,0,0,0,0,0,0,0,0,21,10,0,31,3,0,0,0,0,0,0,0,27,20,0,0,0,0,0,0,0,2,0,0,0,20,0,0,109,7,0,7,100,0,0,0,0,0,53,0,0,0,0,16,158,0,0,0,38,8,0,4,0,0,0,0,0,0,1,0,0,0,0,0,0
0,0,0,0,0,2,1,3,0,0,0,0,0,0,0,5,9,0,0,0,0,0,0,0,0,0,0,0,0,0,0,0,0,0,0,0,0,0,0,0,0,0,0,0,0,0,0,0,0,0,0,0,0,0,11,2,0,0,0,0,0,0,0,0,0,0,0,0,0,0,0,0,0,0,0,0,47,0,0,0,5,0,3,1,6,12,0,5,0,25,103,26,0,0,8,0,0,0,0,2,52,2,11,17,0,16,0,0,4,1,10,4,36,26,0,0,0,0,0,5,3,20,0,24,8,16,8,0,7,50,192,2,36,3,0,1,4,0,3,0,0,12,6,1,3,29,0,3,167,35,0,2,0,0,0,0,0,0,39,187,4,0,5,0,0
0,0,0,0,0,1,5,13,0,0,0,0,0,0,1,99,37,0,0,0,0,0,0,0,0,0,0,7,0,1,2,0,0,0,0,0,0,0,0,0,0,0,0,0,0,0,0,0,0,0,0,0,0,0,14,35,0,0,0,0,0,0,0,0,0,0,0,0,0,0,6,0,0,0,0,0,0,0,0,0,24,0,1,0,0,0,0,43,0,7,62,43,0,0,5,68,0,0,0,0,23,1,12,0,3,4,0,0,0,0,0,0,6,0,0,10,0,0,0,0,0,27,0,0,3,44,5,0,0,192,230,10,6,0,20,0,0,0,4,0,0,0,0,0,149,34,0,0,33,35,0,8,1,0,0,0,0,0,8,16,105,9,0,0,0
0,0,0,0,0,0,0,0,0,0,0,0,0,0,0,0,0,0,0,0,0,0,0,0,0,0,0,0,0,0,0,0,0,0,0,0,0,0,0,0,0,0,0,0,0,0,0,0,0,0,0,0,0,0,0,0,0,0,0,0,0,0,0,0,0,0,0,0,0,0,0,0,0,0,0,0,0,0,0,0,0,0,0,0,0,0,0,2,0,0,2,0,0,0,0,0,0,0,0,0,18,2,35,0,0,0,0,0,0,0,0,0,5,28,0,0,0,0,0,0,0,0,0,0,0,0,0,0,7,2,10,1,48,0,0,0,0,0,7,0,0,0,0,1,1,0,0,0,7,30,0,0,0,0,0,0,0,0,4,0,6,3,0,0,0
0,0,0,0,0,0,0,2,0,0,0,0,2,0,0,0,2,0,0,0,4,12,0,0,0,0,3,91,0,0,33,0,0,0,0,0,0,7,0,0,0,0,0,0,9,0,0,21,0,0,0,23,0,1,8,1,0,4,0,2,1,7,9,0,0,0,0,0,44,0,0,0,4,6,0,0,2,0,4,0,6,1,1,0,0,0,0,49,0,0,74,27,0,0,35,0,0,2,0,0,75,62,62,9,0,0,0,0,5,15,0,19,19,18,0,0,3,0,0,3,0,1,0,0,2,0,7,0,100,36,6,48,137,5,34,2,0,1,9,0,0,1,0,73,16,1,0,0,15,24,1,5,0,0,0,2,0,0,22,8,41,0,4,0,0
0,0,0,0,0,0,0,0,0,0,0,0,0,0,0,0,0,0,0,0,1,0,0,0,0,0,0,0,0,0,0,0,0,0,0,0,0,0,0,0,0,0,0,2,0,6,0,0,0,0,0,0,0,0,0,0,0,0,0,0,0,0,0,0,0,0,0,0,0,0,0,0,0,0,0,0,0,13,0,0,0,0,0,0,0,0,0,0,0,0,0,0,0,0,148,30,13,0,1,0,0,0,11,0,0,0,0,0,0,0,0,0,3,0,0,0,0,0,15,0,3,0,0,0,23,0,4,0,0,3,0,0,5,37,31,5,13,11,0,0,0,2,0,0,0,0,0,0,3,6,0,0,0,4,0,0,0,0,2,0,1,0,3,0,0
0,0,1,0,0,0,0,0,0,0,0,3,0,0,0,0,0,0,0,0,5,0,0,0,0,0,0,1,0,0,0,0,0,0,0,0,0,0,0,0,0,0,0,4,0,5,0,0,0,0,0,0,0,0,0,0,0,0,0,1,0,0,0,0,0,0,0,0,0,0,0,0,0,0,0,0,0,14,0,0,0,0,0,0,0,0,17,0,0,0,0,0,0,0,61,72,71,1,0,0,4,0,10,0,0,0,0,0,0,0,0,0,28,25,0,0,0,0,16,3,11,0,0,0,48,0,43,0,0,0,20,0,34,31,39,40,14,107,0,0,0,5,0,0,0,1,0,0,3,36,0,0,0,0,0,0,0,0,2,0,37,0,0,0,0
0,0,0,0,0,0,0,0,0,0,0,0,0,0,0,0,0,0,0,0,0,0,0,0,0,0,0,0,0,0,2,0,0,0,0,0,0,0,0,0,0,0,0,0,0,0,0,0,0,0,0,0,0,0,0,0,0,0,0,0,0,0,0,0,0,0,0,0,0,0,0,0,0,0,0,0,0,3,0,0,0,0,0,0,0,0,0,0,0,0,0,0,0,0,70,3,0,0,0,0,80,0,6,0,0,0,0,0,0,0,0,0,16,7,0,0,0,0,0,0,0,0,0,0,12,0,1,0,0,1,0,0,2,5,40,76,4,0,0,0,0,0,0,0,0,0,0,0,28,188,0,0,0,1,0,0,0,0,0,0,0,0,0,0,0
0,0,0,0,0,0,0,0,0,0,0,0,0,0,0,0,0,0,0,0,0,0,0,0,0,0,0,2,0,0,1,0,0,0,0,0,0,0,0,0,0,0,0,0,0,0,0,0,0,0,0,0,0,0,0,0,0,0,0,0,0,0,0,0,0,0,0,0,0,0,0,0,0,0,0,0,1,12,0,0,0,0,0,0,0,0,0,0,0,0,0,0,0,0,22,0,91,0,1,0,1,0,2,0,0,0,0,0,0,0,0,0,75,0,0,0,0,0,0,9,2,0,0,0,0,0,64,0,0,4,0,0,0,13,14,4,35,113,0,0,0,0,0,0,0,0,0,0,11,3,0,0,0,0,0,0,0,0,0,0,0,0,0,0,0
0,0,0,0,0,0,0,0,0,0,0,1,0,0,0,0,0,0,0,0,0,0,0,0,0,0,0,1,0,0,0,0,0,0,0,0,0,0,0,0,0,0,0,0,0,0,0,0,0,0,0,0,0,0,0,0,0,7,0,0,2,0,0,0,0,0,5,0,0,0,0,0,0,2,0,0,0,62,0,0,0,0,0,0,0,0,0,0,0,0,0,0,0,0,51,108,125,214,48,0,0,0,9,0,0,0,0,0,0,0,0,0,52,0,0,0,0,0,13,26,82,0,0,0,0,0,46,55,0,0,0,0,1,11,107,0,113,77,0,0,0,32,3,0,0,0,0,0,0,0,0,0,0,0,0,0,0,0,2,0,0,0,28,0,0
0,0,0,0,0,0,0,0,0,0,0,0,0,0,0,0,0,0,0,0,0,0,0,0,0,0,0,0,0,0,0,0,0,0,0,0,0,0,0,0,0,0,0,0,0,0,0,0,0,0,0,0,0,0,0,0,0,0,0,0,0,0,0,0,0,0,0,0,0,0,0,0,0,0,0,0,0,0,0,0,0,0,0,0,0,0,0,0,0,3,48,1,0,0,0,0,0,0,0,8,11,71,1,3,0,0,0,0,0,1,0,28,21,9,0,1,2,0,0,0,0,0,0,20,0,34,0,0,53,3,4,7,9,0,0,0,0,0,3,0,7,0,0,2,5,4,0,0,33,11,0,0,0,0,0,0,0,0,2,1,2,0,0,0,0
0,0,0,0,0,0,7,0,0,0,0,0,0,0,0,0,0,0,0,0,0,0,0,0,110,0,0,0,0,0,0,1,1,0,0,0,0,0,0,0,0,0,0,0,0,0,0,0,0,0,0,0,0,0,0,0,0,0,0,0,0,0,0,0,104,32,0,1,0,0,0,0,0,0,0,0,29,0,0,0,1,102,3,0,0,0,0,0,0,0,0,0,0,0,0,0,0,0,0,20,0,0,0,0,0,0,7,45,0,0,0,0,0,1,0,0,0,0,0,0,0,0,0,3,0,0,0,0,0,0,0,0,0,0,0,0,0,0,0,35,15,0,67,0,0,0,126,1,0,0,0,0,14,0,0,0,0,0,0,50,0,0,0,0,9
0,0,0,0,0,9,1,0,0,0,0,0,0,0,0,0,0,0,0,0,0,0,0,0,12,0,0,0,0,0,0,2,0,0,0,0,0,0,0,0,0,0,0,0,0,0,0,0,0,0,0,0,0,0,0,0,0,0,0,0,0,0,0,0,34,1,0,0,0,0,0,3,0,0,0,0,61,0,0,0,6,108,0,0,0,0,0,0,0,3,0,0,0,0,0,0,0,0,0,117,0,0,0,0,0,0,0,54,0,0,0,0,0,2,2,1,0,0,0,0,0,0,0,39,0,0,0,0,0,0,0,0,0,0,0,0,0,0,7,15,63,0,3,0,1,0,16,0,0,0,0,0,2,0,0,0,0,0,2,31,52,0,0,0,1
0,0,1,0,0,0,0,0,0,2,0,89,0,0,0,0,0,0,0,1,12,0,0,0,0,0,0,36,0,0,4,0,0,0,14,1,0,0,10,0,0,0,0,5,2,49,0,0,0,0,0,0,1,0,0,0,0,13,1,0,0,4,1,0,0,0,176,0,0,0,0,0,3,12,4,0,0,43,0,0,23,17,4,7,2,20,35,0,0,0,0,2,0,0,30,26,2,30,85,0,0,0,6,0,0,50,0,0,0,0,0,0,14,2,0,0,0,0,14,0,98,0,3,0,1,0,5,0,0,12,0,0,1,2,5,0,0,32,0,0,0,172,63,0,0,0,0,8,11,0,0,2,0,4,3,0,0,0,6,0,1,0,4,0,0
0,0,0,0,0,0,0,0,4,2,0,0,0,0,0,0,6,0,0,0,0,0,0,0,1,0,0,1,0,0,0,3,0,0,1,0,0,0,0,0,0,0,0,0,0,0,0,14,0,0,0,0,0,0,0,0,0,0,0,0,0,0,0,0,0,0,0,15,0,0,0,0,3,0,0,0,0,0,0,0,3,223,76,100,51,2,0,0,0,0,0,93,0,0,0,0,0,0,0,0,0,0,0,0,0,23,0,4,0,0,0,0,0,0,0,0,0,0,0,0,19,0,71,0,0,0,0,0,0,6,0,0,0,0,0,0,0,3,0,67,3,63,32,0,0,0,0,90,0,0,0,0,0,0,0,0,0,0,34,2,2,0,0,0,18
0,0,0,38,0,0,0,0,0,0,0,0,0,0,0,0,0,0,0,0,0,0,0,0,0,0,0,0,0,0,0,0,0,0,0,0,0,0,1,0,0,0,0,0,0,0,1,2,0,0,0,0,0,0,0,0,0,0,0,0,0,0,0,0,0,0,0,0,0,0,0,0,0,0,0,0,1,0,8,19,0,0,0,0,0,0,0,3,0,0,10,0,0,0,0,0,0,0,0,0,0,115,1,69,10,0,0,0,0,1,0,1,0,4,0,0,8,0,0,0,0,6,1,0,3,0,0,0,16,1,0,1,73,0,0,0,0,0,2,0,0,0,0,90,39,0,0,0,0,2,0,0,0,0,0,0,0,0,7,0,50,0,14,0,0
0,0,0,0,1,0,0,0,0,0,0,0,1,0,0,19,17,0,0,0,0,0,0,0,0,0,0,0,0,0,0,0,0,0,0,0,0,0,0,0,0,0,0,0,0,0,0,0,0,0,0,0,0,0,3,6,0,0,0,0,0,0,0,0,0,0,0,0,0,0,12,0,0,0,1,0,0,0,0,0,2,0,1,0,0,0,0,17,0,0,91,2,0,0,0,0,0,0,0,0,0,24,0,75,5,0,0,0,0,0,0,0,2,0,0,0,0,0,0,0,0,15,0,1,0,0,0,0,158,3,149,1,16,0,0,0,0,0,5,0,1,0,0,39,76,9,0,0,2,0,0,0,0,0,0,0,0,0,0,13,0,0,0,0,0
0,0,0,2,0,0,0,0,0,0,0,0,0,0,0,0,151,0,0,0,0,0,0,0,0,3,0,0,0,12,0,0,0,0,0,0,0,0,3,0,0,0,0,0,0,0,0,0,0,0,0,0,0,0,0,3,0,0,1,0,0,0,0,0,0,0,0,0,0,0,8,0,0,0,1,0,0,0,0,0,0,0,0,0,0,0,0,0,0,0,27,13,0,0,0,0,0,0,0,0,0,0,0,1,14,0,0,0,0,0,0,0,0,0,0,0,0,0,0,0,0,2,0,0,0,0,0,0,0,29,34,0,1,0,1,0,0,0,4,0,0,0,0,0,9,67,0,0,0,0,0,0,0,0,0,0,0,0,0,28,39,16,0,0,0
0,39,0,0,0,20,12,1,0,0,3,0,0,0,0,1,9,0,0,0,0,0,0,0,84,0,0,0,0,0,0,25,0,0,0,0,0,0,0,0,0,0,0,0,0,2,0,0,1,0,0,0,0,0,3,1,0,0,0,0,0,0,0,0,47,16,0,0,0,0,0,2,0,0,0,0,3,0,0,0,8,47,6,0,0,0,0,0,0,0,0,19,0,0,0,0,0,0,0,41,0,0,0,0,0,12,2,5,0,0,0,0,0,0,0,0,0,0,0,0,0,0,13,3,0,0,0,0,0,0,0,0,0,0,0,0,0,0,0,126,16,0,0,0,0,0,7,3,0,0,0,0,3,0,0,1,0,0,0,0,3,0,0,0,0
0,0,0,0,0,0,0,0,0,0,0,0,0,0,0,0,0,0,0,0,0,0,0,0,0,0,0,2,0,0,75,0,0,0,0,0,0,1,0,0,0,0,0,0,0,0,0,16,0,0,0,0,0,0,0,0,0,0,0,0,0,0,0,0,0,0,0,0,0,0,0,0,65,0,0,0,1,0,0,0,29,4,33,34,44,5,0,0,0,0,0,0,0,0,0,0,0,0,0,0,0,0,0,0,0,16,0,0,0,0,0,0,1,0,0,0,0,0,0,0,0,0,36,0,0,0,0,0,0,3,0,0,0,0,0,0,0,0,0,1,0,8,90,0,0,0,3,66,1,0,0,8,0,0,0,0,0,0,0,0,0,0,0,0,0
0,0,2,0,0,0,0,0,0,0,0,0,0,0,0,0,0,0,0,0,0,0,0,0,0,0,0,7,0,0,38,0,0,0,0,0,0,0,0,0,0,0,0,6,1,0,0,0,0,0,0,0,3,0,0,0,0,4,0,0,0,0,1,0,0,0,0,1,0,0,0,0,11,9,0,0,4,3,1,0,0,0,0,0,8,2,0,33,0,2,48,2,0,0,20,2,0,4,0,0,145,23,12,0,0,11,0,0,4,3,4,0,33,60,3,0,4,0,27,0,1,2,1,1,2,1,4,0,38,167,33,7,15,3,3,28,11,0,33,0,0,11,0,0,2,0,0,1,123,144,0,0,0,5,0,0,0,0,7,1,10,0,1,0,0
0,0,0,0,0,0,0,0,0,0,0,0,0,0,0,0,0,0,0,0,0,0,0,0,0,0,0,0,0,0,0,0,0,0,0,0,0,0,0,0,0,0,0,0,0,0,0,0,0,0,0,0,0,0,0,0,0,0,0,0,0,0,0,0,0,0,0,0,0,0,0,0,0,0,0,0,2,0,12,0,0,0,0,0,0,0,0,17,0,0,14,1,0,0,39,5,0,0,0,3,121,66,18,0,0,0,0,0,0,168,19,174,26,350,2,0,41,0,6,0,0,3,0,0,118,1,4,1,8,35,35,30,24,6,36,188,3,0,11,0,0,0,0,2,0,0,0,0,144,549,7,0,0,0,0,0,0,0,3,0,6,0,0,0,0
0,0,0,0,0,0,0,0,0,0,0,0,0,0,0,0,0,0,0,0,0,0,0,0,0,0,0,0,0,0,0,0,0,0,0,0,0,0,0,0,0,0,0,0,0,0,0,0,0,0,0,0,0,0,0,0,0,0,0,0,0,0,0,0,0,0,0,0,0,0,0,0,0,0,0,0,0,0,0,0,0,0,0,0,0,0,0,0,0,0,0,0,0,0,0,0,0,0,0,0,0,5,18,0,0,0,0,0,13,36,6,30,0,0,0,0,36,0,0,0,0,0,0,0,18,1,0,0,0,0,0,0,1,0,0,0,0,0,0,0,0,0,0,0,0,0,0,0,0,7,4,0,0,0,0,0,0,0,0,9,0,0,0,0,0
0,1,3,56,0,5,2,50,0,0,0,1,2,2,16,13,295,0,0,1,18,0,20,7,11,2,12,1,7,21,2,0,1,2,32,0,0,0,7,1,2,0,0,12,96,14,11,0,30,27,3,0,6,4,46,20,0,6,0,0,0,1,0,3,0,0,13,0,0,0,0,0,4,1,7,1,0,0,0,0,0,0,0,0,0,0,0,0,0,2,11,176,0,0,0,0,0,0,0,0,0,0,0,0,0,6,0,0,0,0,0,0,0,0,0,0,0,0,0,0,0,0,0,0,0,1,0,0,4,2,8,0,5,0,0,0,0,0,0,0,0,2,0,0,0,0,0,8,0,0,0,10,65,13,1,16,2,0,8,1,1,1,0,0,0
0,14,0,82,0,24,64,103,0,0,2,0,34,0,1,79,304,0,0,0,0,0,0,0,197,0,0,0,0,20,12,0,6,0,0,0,0,0,0,0,30,0,0,0,1,0,4,0,46,0,1,0,0,3,62,28,0,0,0,0,0,0,0,13,29,127,2,2,0,35,0,0,0,0,0,0,6,0,0,0,1,8,0,0,0,0,0,0,0,3,0,30,0,0,0,0,0,0,0,0,0,0,0,0,0,0,0,0,0,0,0,0,0,0,3,0,0,0,0,0,0,0,2,0,0,0,0,0,0,0,1,0,0,0,0,0,0,0,0,14,2,0,0,0,0,0,3,0,0,0,0,65,29,16,3,6,0,1,0,3,1,0,0,0,0
0,2,40,1,11,6,2,23,0,0,0,1,0,9,33,2,279,0,2,11,6,0,33,0,44,10,22,66,22,32,4,0,1,0,0,3,0,0,0,0,2,1,0,26,6,5,202,0,26,1,6,0,15,0,1,30,0,13,0,3,2,1,0,0,5,37,3,23,78,0,15,0,3,2,3,0,0,5,0,0,1,3,1,0,0,0,0,0,0,0,0,75,0,0,5,3,0,0,0,0,0,0,0,0,0,13,0,0,0,0,0,0,9,0,0,0,0,0,0,0,0,0,0,0,0,0,0,0,0,0,0,0,0,4,0,1,0,0,0,0,0,4,0,0,0,0,0,0,5,0,0,13,16,17,16,0,5,0,11,0,0,0,0,0,0
0,0,0,8,0,0,0,0,0,3,0,0,0,0,0,0,26,0,0,2,0,0,0,0,0,0,0,7,1,4,0,0,0,0,0,0,0,0,0,0,0,0,0,0,0,0,18,0,2,0,0,0,0,0,0,1,0,1,0,0,0,0,0,0,0,0,1,0,3,0,0,0,0,0,0,0,0,0,0,0,0,0,0,0,0,0,0,0,0,0,0,0,0,0,0,0,0,0,0,0,0,0,0,0,0,0,0,0,0,0,0,0,0,0,0,0,0,0,0,0,0,0,0,0,0,0,0,0,0,0,0,0,0,0,0,0,0,0,0,0,0,3,0,0,0,0,0,0,0,0,0,1,3,16,1,5,7,0,0,0,0,0,0,0,0
0,0,1,0,0,1,0,0,0,0,0,0,0,0,0,0,3,0,0,14,0,7,27,39,0,0,0,0,0,0,0,0,0,0,0,0,0,1,0,0,0,0,0,1,44,28,0,0,2,0,0,0,0,0,0,0,0,0,2,0,0,5,23,0,0,0,0,0,0,0,0,0,0,0,0,0,1,0,0,0,0,0,0,0,0,0,0,0,0,0,0,0,0,0,0,0,0,0,0,0,0,0,0,0,0,0,0,0,0,0,0,0,0,0,0,0,0,0,0,0,0,0,0,0,0,0,0,0,0,0,0,0,2,0,0,0,0,0,0,0,0,0,0,0,0,0,1,0,0,0,0,16,6,0,5,3,1,0,0,0,0,0,0,0,0
0,0,0,0,0,0,0,0,0,0,0,0,0,0,0,0,4,0,0,0,1,0,0,2,0,0,0,0,0,0,0,0,0,0,0,0,0,0,0,0,0,0,0,0,8,0,0,0,0,0,0,0,0,0,0,0,0,0,0,0,0,0,0,0,0,0,5,0,0,0,0,0,0,0,0,0,0,0,0,0,0,0,0,0,0,0,0,0,0,0,0,0,0,0,0,0,0,0,0,0,0,0,0,0,0,0,0,0,0,0,0,0,0,0,0,0,0,0,0,0,0,0,0,0,0,0,0,0,0,0,0,0,0,0,0,0,0,0,0,0,0,0,0,0,0,0,0,0,0,0,0,2,0,5,7,1,0,0,0,0,0,0,0,0,0
0,0,0,0,0,0,22,0,0,0,0,0,0,0,0,0,0,0,0,0,0,0,0,0,3,0,0,0,0,0,0,0,4,0,0,0,0,0,0,0,0,0,0,0,0,0,0,0,0,0,0,0,0,0,0,0,0,0,0,0,0,0,0,0,3,4,0,16,0,0,0,4,0,0,0,0,0,0,0,0,0,0,0,0,0,0,0,0,0,0,0,0,0,0,0,0,0,0,0,0,0,0,0,0,0,0,0,0,0,0,0,0,0,0,0,0,0,0,0,0,0,0,0,0,0,0,0,0,0,0,0,0,0,0,0,0,0,0,0,0,0,0,0,0,0,0,0,0,0,0,0,0,1,0,0,0,0,0,0,0,0,0,0,0,0
0,0,0,0,0,0,38,4,0,0,0,0,0,0,0,2,46,0,0,0,0,0,0,0,0,0,0,0,0,0,8,0,0,0,0,0,0,0,0,0,0,0,0,0,0,0,0,0,2,0,3,0,0,0,0,2,0,0,0,0,0,1,0,0,0,0,0,7,0,0,0,0,4,0,0,0,0,7,37,0,0,2,19,1,0,10,0,0,0,3,41,134,0,0,3,29,2,12,0,1,59,0,26,10,25,0,0,0,0,0,0,0,7,15,0,1,0,0,31,106,7,124,0,2,13,2,1,2,1,39,8,4,22,2,2,0,0,2,2,0,2,6,34,7,0,0,0,0,7,3,0,8,0,11,0,0,0,0,16,78,20,2,2,0,0
0,1,0,0,0,0,0,2,0,0,0,0,0,0,0,3,8,0,0,0,0,0,0,0,10,0,0,0,0,0,0,0,0,0,0,0,0,0,0,0,0,0,0,0,0,0,0,0,0,0,1,0,0,0,1,0,0,0,0,0,0,0,0,0,7,0,0,0,0,0,0,1,0,0,0,0,133,0,38,0,17,7,13,0,0,1,0,0,0,0,103,11,0,0,0,0,0,0,0,83,0,0,2,2,193,0,1,0,10,10,1,0,0,0,0,0,0,0,0,2,0,57,2,0,2,1,0,0,0,187,16,0,8,0,0,0,0,0,1,50,31,0,2,0,13,28,0,0,1,0,9,1,3,0,0,0,0,0,78,14,7,1,0,0,1
0,0,1,0,0,2,0,4,0,0,0,2,0,0,0,4,8,0,0,0,0,0,0,0,0,1,0,11,0,0,4,1,0,0,0,0,0,0,0,0,0,0,0,1,0,5,0,0,0,0,0,0,3,0,5,8,0,2,0,0,1,14,0,0,0,0,1,1,0,0,0,0,0,2,0,0,38,8,0,11,3,23,7,0,0,0,1,0,0,0,0,92,0,0,17,32,2,22,0,16,34,7,67,47,58,1,0,0,0,12,1,0,3,5,3,0,0,0,94,30,6,49,0,1,0,0,0,2,0,4,105,6,41,1,37,0,0,0,2,0,52,1,2,50,0,39,3,0,10,6,0,1,1,0,0,0,0,0,20,7,1,19,4,0,0
0,0,0,0,0,0,0,0,0,0,0,0,0,0,0,0,0,0,0,0,0,0,0,0,0,0,0,0,0,0,0,0,0,0,0,0,0,0,0,0,0,0,0,0,0,0,0,0,0,0,0,0,0,0,0,0,0,0,0,0,0,0,0,0,0,0,0,0,0,0,0,0,0,0,0,0,0,0,0,0,0,0,0,0,0,0,0,0,0,0,0,6,0,0,0,0,0,0,0,0,0,0,0,17,33,0,0,0,0,0,0,0,0,0,0,0,0,0,0,0,0,26,0,0,0,0,0,0,0,0,9,3,0,0,0,0,0,0,0,0,0,0,0,0,0,16,0,0,0,0,0,1,0,0,0,0,0,0,2,1,19,0,7,4,0
0,0,0,0,0,0,0,0,0,0,0,0,0,0,0,0,0,0,0,0,0,0,0,0,0,0,0,0,0,0,0,0,0,0,0,0,0,0,0,0,0,0,0,0,0,1,0,0,0,0,0,0,0,0,0,0,0,0,0,0,0,0,0,0,0,0,0,0,0,0,0,0,0,0,0,0,0,21,0,0,0,0,0,0,0,0,0,0,0,0,0,0,0,0,1,33,18,1,4,0,0,0,4,1,0,4,0,0,0,0,0,0,8,0,0,0,0,0,0,26,22,3,0,0,0,0,10,16,0,5,0,0,4,3,0,0,0,28,0,0,0,4,0,14,0,0,0,0,1,0,0,0,0,0,0,0,0,0,2,0,4,7,16,0,0
0,0,0,0,0,0,0,0,0,0,0,0,0,0,0,0,0,0,0,0,0,0,0,0,0,0,0,0,0,0,0,0,0,0,0,0,0,0,0,0,0,0,0,0,0,0,0,0,0,0,0,0,0,0,0,0,0,0,0,0,0,0,0,0,0,0,0,0,0,0,0,0,0,0,0,0,0,0,0,0,0,0,0,0,0,0,0,0,0,0,0,0,0,0,0,0,0,0,0,0,0,0,0,0,0,0,0,0,0,0,1,0,0,0,0,0,0,0,0,10,0,0,0,0,0,0,0,0,0,0,0,0,0,0,0,0,0,0,0,0,0,0,0,0,0,0,0,0,0,0,0,0,0,0,0,0,0,0,0,0,0,4,0,0,0
0,0,0,0,0,0,0,0,0,0,0,0,0,0,0,0,0,0,0,0,0,0,0,0,0,0,0,0,0,0,0,0,1,0,0,0,0,0,0,0,0,0,0,0,0,0,0,0,0,0,0,0,0,0,0,0,0,0,0,0,0,0,0,0,13,0,0,0,0,0,0,0,0,0,0,0,0,0,0,0,0,7,0,0,0,0,0,0,0,0,0,0,0,0,0,0,0,0,4,1,0,0,0,0,0,0,4,2,0,0,0,0,0,0,0,0,0,0,0,0,0,0,0,1,0,0,0,0,0,0,0,0,0,0,0,0,0,0,0,9,1,0,18,0,0,0,0,0,0,0,0,0,0,0,0,0,0,0,0,1,0,0,0,0,0
